Genes,DPD_BL,DPD_onc,DPD_risk,DPD_T2,DPD_Ta,DPD_immuno,DPD_immuno_0
AARS,0.0,0.0784796940621172,0.0,0.0,0.0,0.0,0.0
ABCB6,0.0,0.0271230605640214,-0.153918493258715,0.0,0.0,0.0,0.016004024701598986
ABCC5,0.0,0.00212036406345644,0.0,0.0,0.0,0.0,-0.006152703176650647
ABCF1,0.0,-0.028956378204495,-0.0264178676547051,0.0,0.0,0.0,-0.036126872283398496
ABCF3,0.0,0.0366679234307441,0.0,0.0,0.0,0.0,-0.004999345318001172
ABHD4,0.0,-0.00423477491673366,0.0446645460213655,0.0,0.0,0.0,0.01380435526225517
ABHD6,0.0,-0.0414317741517711,-0.0437389655467434,0.0,0.0,0.0,0.009543960704160526
ABL1,0.0,0.0219316453762474,0.0,0.0,0.0,0.0,0.019163050498834065
ACAA1,0.0,-0.000480105597442198,0.0,0.0,0.0,0.0,0.029179627389479195
ACAT2,0.0232697931975759,0.0231367849766746,0.0,0.0232697931975759,0.0923911424767901,0.0,0.005371502175704608
ACBD3,0.0,0.0246482031915844,0.0,0.0,0.0,0.0,0.014578683757633373
ACD,0.0,-0.00888086818033954,0.00599101272708991,0.0,0.0,0.0,-0.03431773467306447
ACLY,0.0,-0.00902402194106089,2.57131398327109e-05,0.0,0.0,0.0,0.0003279308530825412
ACOT9,0.0,0.0367086917929709,0.0,0.0,0.0,0.0,0.006618732899197544
ADAM10,0.0,0.016058448786535,0.0,0.0,0.0,0.0,0.04346818241619019
ADAT1,0.0,-0.0072007614603548,0.0,0.0,0.0,0.0,-0.05135617087490439
ADGRE5,0.0,-0.0600532366454879,0.0,0.0,0.0,0.0,0.05300733236390247
ADGRG1,0.0,-0.0610465961127511,0.0,0.0,0.0,0.0,0.04412703466195438
ADH5,0.0,-0.00543376641649895,0.0,0.0,0.0,0.0,0.0399163123374181
ADI1,0.0,0.000601638156802139,0.0,0.0,0.0,0.0,-0.05105610565672273
ADO,0.0,-0.00217400780335284,-0.0251712304896788,0.0,0.0,0.0,0.0017403020135981385
ADRB2,-0.0554086646835087,0.000915538221815937,0.0,-0.0554086646835087,0.0294826832105699,0.0,0.010817344441632985
AGL,0.0,-0.00383497055928017,0.0318702003106152,0.0,0.0,0.0,0.04493953918642785
AKAP8,0.0,-0.015486370286721,0.0,0.0,0.0,0.0,-0.06332213740436561
AKAP8L,0.0,0.00735134786936912,0.0,0.0,0.0,0.0,-0.026890612740927276
AKR7A2,0.0,0.0123558049819501,0.0,0.0,0.0,0.0,-0.06156236295231257
AKT1,0.0,-0.0418866024387889,-0.0194115535203554,0.0,0.0,0.0,-0.002988898345004412
ALAS1,0.0,-0.0588716904108772,0.0571362506099975,0.0,0.0,0.0,-0.008303017173547384
ALDH7A1,0.0,0.00878801547571522,-0.0175563587376559,0.0,0.0,0.0,0.026979386415971914
ALDOA,0.0,0.0122215986228807,0.0545671017563638,0.0,0.0,0.0,0.02308581110198541
ALDOC,-0.0390063486354494,0.00236131606822852,-0.0285065130218841,-0.0390063486354494,0.148254198611501,0.0,0.010959875050897187
AMDHD2,0.0,0.0113011873137618,-0.0410509326379239,0.0,0.0,0.0,-0.01767848429517504
ANKRD10,0.0,-0.0151325610855214,0.00402111952839506,0.0,0.0,0.0,-0.05842308524433211
ANO10,0.0,0.0144067570407197,0.0,0.0,0.0,0.0,0.016739239867301938
ANXA7,0.0,0.00601185519079378,0.0,0.0,0.0,0.0,0.008216651024036433
APBB2,0.0,-0.0319885095290789,-0.0349955173803702,0.0,0.0,0.0,0.017310781731685033
APOE,0.180037853883863,0.00771870971219807,0.0,0.180037853883863,0.096132144816226,0.0,-0.0011861929130513415
APP,0.0,0.0125453545513295,0.0,0.0,0.0,0.0,0.010276586786584286
APPBP2,0.0,-0.0536432884403951,0.00262109970641712,0.0,0.0,0.0,-0.04370564274634494
ARFIP2,0.0,-0.0206632672729057,0.107690510953615,0.0,0.0,0.0,-0.0076196649893229594
ARHGAP1,0.0,0.00578925177666822,-0.0546239854261992,0.0,0.0,0.0,-0.01056973903906908
ARHGEF12,0.0,-0.0036526863343467,0.0,0.0,0.0,0.0,0.008935452829806515
ARHGEF2,0.0,-0.00677139657233802,0.0,0.0,0.0,0.0,-0.026216583858029063
ARID4B,0.0,-0.0262439981304881,0.0,0.0,0.0,0.0,0.005202290810622568
ARID5B,0.0,-0.0159335843317568,0.0,0.0,0.0,0.0,0.03256495172848673
ARL4C,0.0,-0.00509582778511224,0.0,0.0,0.0,0.0,0.008608644808362658
ARNT2,0.0,-0.0433086346545907,0.0,0.0,0.0,0.0,-0.012294016649850173
ARPP19,0.0,0.0109291573720269,0.0,0.0,0.0,0.0,-0.04437606998726926
ASAH1,0.0,0.0342970260327474,0.0,0.0,0.0,0.0,-0.029496742048133965
ASCC3,0.0,-0.0259922176788624,0.0,0.0,0.0,0.0,0.02596366034995519
ATF1,0.0,-0.0175477754169713,0.0,0.0,0.0,0.0,0.06586380033942525
ATF5,0.0,-0.0125617577030095,0.0,0.0,0.0,0.0,0.031276038370217654
ATF6,0.0,-0.0157536000166591,0.0339586977662736,0.0,0.0,0.0,-0.04884267101262376
ATG3,0.0,-0.0188830582272773,0.0,0.0,0.0,0.0,-0.031125473223811345
ATMIN,0.0,0.0276160640255333,-0.048417469911558,0.0,0.0,0.0,0.028101751866589607
ATP11B,0.0,0.0164814828001313,0.0,0.0,0.0,0.0,0.01935885443311982
ATP1B1,-0.0046134590368246,0.025740369962605,0.0292158856219017,-0.0046134590368246,-0.0783393821416665,0.0,-0.033277064303700185
ATP2C1,0.0,-0.0115623032728372,0.0,0.0,0.0,0.0,-0.01976864240273035
ATP6V0B,0.0,-0.0157718910242643,0.0,0.0,0.0,0.0,0.038252624334768434
ATP6V1D,0.0,-0.0258754327334051,0.0,0.0,0.0,0.0,-0.0007388761370001178
AURKA,0.101978067504962,0.00506397690175886,0.0392252713850061,0.101978067504962,0.0891538786317352,0.0,-0.029045964468994212
AURKB,0.127878451438269,-0.0519091341813424,0.0,0.127878451438269,0.108908929305691,0.0,-0.012023255034892285
AXIN1,0.0,0.0428615974600121,0.0,0.0,0.0,0.0,0.08999772228154748
B4GAT1,0.0,-0.0184146764726147,0.0,0.0,0.0,0.0,0.030749488503429713
BACE2,0.0,-0.0045305836478315,0.0,0.0,0.0,0.0,0.037809991094957925
BAD,0.0,0.0266022603968395,0.0,0.0,0.0,0.0,-0.013161813473386985
BAG3,-0.0219844052846378,0.0341822266265406,0.0124448476617386,-0.0219844052846378,0.0612597535235438,9.14206091661366e-05,0.038699109200255856
BAMBI,-0.028856966382892,-0.0246703970150873,0.0,-0.028856966382892,0.00189722265800433,0.0,-0.020862613399715232
BAX,0.0,-0.0112618467514242,0.0,0.0,0.0,0.0,-0.03218433945830148
BCL2,0.0,-0.00434552962092583,0.0,0.0,0.0,0.0,-0.0075219910040893595
BCL7B,0.0,0.01280851138529,-0.00756739130509926,0.0,0.0,0.0,0.0025213879470118213
BDH1,0.0,-0.0283782627193139,-0.0785816734224982,0.0,0.0,0.0,-0.01386030300414963
BECN1,0.0,0.00745269504984841,0.0,0.0,0.0,0.0,-0.060892134797716824
BHLHE40,0.0279696011352129,0.0236030529201588,0.0,0.0279696011352129,0.010074863542188,0.0202983111019487,0.04766161410837468
BID,0.0,-0.0211606985748348,0.0,0.0,0.0,0.0,-0.0606568370441712
BIRC2,0.0,0.0175992141519015,0.0,0.0,0.0,0.0,0.032020879243203446
BIRC5,0.170715612340314,-0.0225515761829038,0.0,0.170715612340314,0.175265664189305,0.0,-0.008435520727821177
BLCAP,0.0,-0.0236277844749251,0.0,0.0,0.0,0.0,-0.0005284608519698841
BLMH,0.0,0.0239545216972671,-0.00758523548763154,0.0,0.0,0.0,-0.0500340296874944
BLVRA,0.00335118016280713,-0.0184698951251708,0.0,0.00335118016280713,0.0578784114889605,0.0,-0.01647383786473417
BMP4,0.0,0.0609562992232363,-0.0998070924575116,0.0,0.0,0.0,-0.021702099348201803
BNIP3,-0.170442034909058,-0.0185099579618684,0.0,-0.170442034909058,-0.0185865627495227,0.0,0.04546933367171524
BNIP3L,0.0,-0.0172416924027979,0.0,0.0,0.0,0.0,0.03681684351574099
BPHL,0.0,0.00631446419551267,0.0306144765734099,0.0,0.0,0.0,0.024471092441500364
BRCA1,0.0,-0.0177329502976118,0.0,0.0,0.0,0.0,-0.0383804651193587
BTK,0.0,0.00983893003588405,0.0,0.0,0.0,0.0,2.3735893306484518e-05
BUB1B,0.0,-0.00348653849726512,0.0,0.0,0.0,0.0,-0.007808307617997038
BZW2,0.0,-0.011133299274971,0.0428225831378499,0.0,0.0,0.0,0.007435060297988442
C2CD2,0.0,0.00607152947468364,0.0,0.0,0.0,0.0,-0.035146990755908304
C2CD2L,0.0,-0.0836425947829935,0.0941391848813214,0.0,0.0,0.0,-0.026069543228789852
C2CD5,0.0,-0.0484443241510762,0.0,0.0,0.0,0.0,0.00622390426338955
C5,0.0,-0.000565878193007546,0.0,0.0,0.0,0.0,0.025310367427439157
CAB39,0.0,0.0165816845258098,0.0,0.0,0.0,0.0,-0.005818028149265117
CALM3,0.0138490894033332,0.0164103355113,0.0,0.0138490894033332,-0.0146411512848888,0.0,0.04287870362501898
CALU,0.0,0.0347295677715582,0.0,0.0,0.0,0.0,-0.005613345613219205
CAMSAP2,0.0,0.0135512385625812,0.0,0.0,0.0,0.0,-0.009967247534204898
CANT1,0.0,0.00917059748462679,0.0,0.0,0.0,0.0,0.002485554947586509
CAPN1,0.0,-0.0193850244207146,0.0,0.0,0.0,0.0,0.006063759187559277
CARMIL1,0.0,-0.00464986433090397,0.0,0.0,0.0,0.0,0.036505876364318166
CASC3,0.0,-0.0649154621420707,0.000688361952656329,0.0,0.0,0.0,-0.08933103259682022
CASK,0.0,-0.0374687173031363,-0.0472552287830142,0.0,0.0,0.0,0.009916927071727876
CASP10,0.0,0.0,0.0,0.0,0.0,0.0,0.017251147443527917
CASP2,0.0,0.0439661667909322,0.0,0.0,0.0,0.0,0.0654568204083648
CASP3,0.0,0.0170117488046716,0.0234826583230733,0.0,0.0,0.0,-0.05344736441678454
CASP7,0.0,0.0417491766261161,0.0,0.0,0.0,0.0,-0.033551741891056024
CAST,0.0,-0.000514342711157702,0.0389572182021148,0.0,0.0,0.0,0.020246583338572082
CAT,0.0,-0.0254057825755169,-0.00564382401185508,0.0,0.0,0.0,0.03763452852394926
CBLB,0.0,0.0605495778659827,0.0,0.0,0.0,0.0,0.026921945321949775
CBR1,0.0,0.00704903726385953,0.0,0.0,0.0,0.0,0.006942965075000925
CBR3,-0.0642232031708615,0.00767249106537105,0.0,-0.0642232031708615,0.0210685118580162,0.0,-0.014328132539294167
CCDC85B,0.0420317714831134,-0.0965807821324436,0.0,0.0420317714831134,0.0117597145969542,0.0,-0.007235918797465952
CCDC86,0.0,-0.0555082662216666,0.0,0.0,0.0,0.0,-0.02393350494759437
CCDC92,0.0,0.063056947516852,0.0279167245025682,0.0,0.0,0.0,-0.039569806379415845
CCL2,0.0305497392552277,-0.00591572331230653,0.0,0.0305497392552277,0.0705616323877738,0.0,0.0127313634485467
CCNA1,0.0,1.97603816807412e-06,-0.00930654665837022,0.0,0.0,0.0,0.0013102929653685505
CCNA2,0.17673382427338,0.0402727665023648,0.0,0.17673382427338,0.140482999325775,0.0,-0.011036485634307735
CCNB1,0.106996111517555,0.0320543770687933,0.0,0.106996111517555,0.108250114899492,0.0,0.0039021687829774786
CCNB2,0.106593564729606,0.071065316000434,0.0,0.106593564729606,0.149396420442992,0.0,-0.009341679352104391
CCND1,0.0329771950615916,0.0173922957657343,0.0,0.0329771950615916,0.0936639883499569,0.0,0.0009066492295065932
CCND3,0.0,-0.0130864604084775,0.0,0.0,0.0,0.0,-0.01293697199561106
CCNE2,0.0,0.026070899776049,0.0,0.0,0.0,0.0,-0.014273360595507698
CCNF,0.0,0.0235911412527987,0.0,0.0,0.0,0.0,-0.013030743207558466
CCNH,0.0,-0.0117639307821259,0.0328945104175679,0.0,0.0,0.0,0.02567823965587516
CCP110,0.0,0.0382613294605678,0.0,0.0,0.0,-0.0342412448069451,-0.07231948267130221
CD320,0.0,0.00821960630419978,-0.0010243308854113,0.0,0.0,0.0,0.0296572504399802
CD40,0.0782643732148457,-0.00233321380332104,0.0,0.0782643732148457,0.097685547669106,0.0,-0.013229909630005568
CD44,0.0,-0.00136727587888698,0.0,0.0,0.0,0.0,0.010731263282271386
CD58,0.0,0.0,0.0,0.0,0.0,0.0,0.05031584181676011
CDC20,0.150236328967853,-0.0131693993465818,0.0,0.150236328967853,0.192376953403567,0.0,-0.0016899050482668415
CDC25A,0.0,-0.0387597116288602,0.0,0.0,0.0,0.0,-0.0016043691701968627
CDC25B,0.0,-0.0418121426217855,0.0,0.0,0.0,0.0,-0.017410228184335314
CDC42,0.124952318063934,0.0242231297290257,0.0,0.124952318063934,-0.0387776744501835,0.0,-0.029981538387457228
CDC45,0.0,0.0449657204761611,0.0,0.0,0.0,0.0,-0.023691905950731115
CDCA4,0.0,0.001532722727494,0.0,0.0,0.0,0.0,0.0063607343424832985
CDH3,0.0,0.0484222834468661,0.0,0.0,0.0,0.0,0.012672155738884397
CDK1,0.137684537435254,0.019881777849047,0.0,0.137684537435254,0.143860504198859,0.0,-0.0006383985461724101
CDK19,0.0,0.00280508122467776,0.0,0.0,0.0,0.0,-0.0035213370198842594
CDK2,0.0,0.015531960371567,0.0,0.0,0.0,0.0,-0.011993394425280864
CDK4,0.107353480798639,0.00321549853601015,0.0,0.107353480798639,0.103339425857135,0.0,-0.007546856589477286
CDK5R1,0.0,-0.0679918460456451,0.0690454558706179,0.0,0.0,0.0,0.004521853794639547
CDK6,0.0,0.037080355451595,0.0107458251253074,0.0,0.0,0.0,0.020017195685193008
CDK7,0.0,-0.0133064365577527,-0.00833281829687612,0.0,0.0,0.0,0.034342843893769646
CDKN1A,-0.0225419806490618,0.0992648920080074,0.0,-0.0225419806490618,-0.0112234940220687,0.0,0.02040474351935065
CDKN1B,0.0,0.000599556195009467,-0.00730927375763736,0.0,0.0,0.0,0.007758504663362159
CDKN2A,0.203172287515232,0.0726846853297363,0.0,0.203172287515232,-0.106129721931921,0.0,-0.008173136106091433
CEBPA,0.0,0.0030391454284241,0.0,0.0,0.0,0.0,-0.007410404447388174
CEBPD,-0.0195966994033401,0.0620405236908181,0.0,-0.0195966994033401,0.0422084099046558,0.0,0.02379100197730001
CEBPZ,0.0,-0.0230007706532402,2.27879011555689e-06,0.0,0.0,0.0,0.06113373845358865
CEMIP2,0.0,0.0,0.0,0.0,0.0,0.0,-0.03627216325112704
CENPE,0.117675280370869,0.0188196235087453,0.0106824933468461,0.117675280370869,0.167133043892823,0.0,-0.008056585960146332
CEP57,0.0,0.0142939660904904,0.0122019063810908,0.0,0.0,0.0,-0.03689555807441224
CERK,0.0,-0.00861882367079779,0.000594774342237072,0.0,0.0,0.0,-0.02187221596432703
CETN3,0.0,-0.0139191903237177,0.0,0.0,0.0,0.0,0.008688757466357534
CFLAR,0.0,0.0309105387936818,-0.0483511303505539,0.0,0.0,0.0,0.003909546946502268
CGRRF1,0.0,-0.0236477574023536,0.0,0.0,0.0,0.0,-0.02582543535049033
CHAC1,-0.00221697116887604,0.0620892641345636,0.00624371474061469,-0.00221697116887604,0.0317667308485147,0.0,-0.010047561091517667
CHEK1,0.0,0.0749662268102944,0.0,0.0,0.0,0.0,0.009205279408882836
CHEK2,0.0,-0.00226596070720598,0.0,0.0,0.0,0.0,-0.004268346028965464
CHERP,0.0,0.0270969297123145,0.0,0.0,0.0,0.0,0.06020729026132455
CHIC2,0.0,-0.031823526628643,0.0,0.0,0.0,0.0,0.041402442903220905
CHMP4A,0.0,0.0,0.0566892182996445,0.0,0.0,0.0,-0.01961527989148282
CHMP6,0.0,-0.0213773504318093,0.0,0.0,0.0,0.0,-0.004596534310493828
CHN1,0.0336797448907973,-0.047472744119126,0.0,0.0336797448907973,0.0525350865012927,0.0,-0.04129162930443567
CHP1,0.0428739137096149,-0.0297851231989253,0.0,0.0428739137096149,-0.084802896054418,0.0,0.0173631699511948
CIAO3,0.0,0.0,0.0,0.0,0.0,0.0,-0.014915888665424957
CIAPIN1,0.0,-0.0155321116925243,0.0,0.0,0.0,0.0,0.04084817700105952
CIRBP,0.0,-0.0613810513653248,0.0,0.0,0.0,0.0,-0.0038452245307779563
CISD1,0.0,-0.018861445494658,0.0,0.0,0.0,0.0,0.016567989196455718
CLIC4,-0.0556317530875986,-0.0338791638092752,0.0,-0.0556317530875986,0.0163379085112675,0.0,0.002082908790521676
CLPX,0.0,0.0091881185739657,0.0,0.0,0.0,0.0,0.03015994313112311
CLSTN1,0.0,0.0172486859030035,0.0,0.0,0.0,0.0,-0.028556860880936747
CLTB,0.00561548081214945,-0.016293302042458,0.0920171337519787,0.00561548081214945,0.00811516977436344,0.0,-0.010333400643095925
CLTC,0.0,0.0347762394524938,0.00690886831392594,0.0,0.0,0.0,0.028356696320283956
CNDP2,0.0,0.0364058748425209,0.0150773634218145,0.0,0.0,0.0,0.014572338572824799
CNOT4,0.0,-0.00562633041000507,0.0,0.0,0.0,0.0,-0.0006977989738966107
CNPY3,0.0,0.00675072619359828,0.0112646981544793,0.0,0.0,0.0,-0.025488592839646013
COASY,0.0,0.0441793775993469,0.0,0.0,0.0,0.0,0.0023306096027329677
COG2,0.0,-0.0553752251343973,0.0,0.0,0.0,0.0,-0.03142822843833435
COG4,0.0,0.0106580937798559,0.0425215958824918,0.0,0.0,0.0,0.02463986498067616
COG7,0.0,-0.0284266350069357,0.00894334345889905,0.0,0.0,0.0,-0.005675697534506816
COL1A1,-0.00312941537182571,-0.21492941639182,0.0,-0.00312941537182571,0.0594714757140484,0.0,0.004762455337573334
COL4A1,0.0,0.0129348645203481,0.046097638745165,0.0,0.0,0.0,0.004420305291538833
COPB2,0.0,0.026122669979254,0.0,0.0,0.0,0.0,-0.025663268740167666
COPS7A,0.0,0.000176727791347764,0.0,0.0,0.0,0.0,0.011068200649529642
COQ8A,0.0,-0.0133244952401855,0.0,0.0,0.0,0.0,0.004174512511015705
CORO1A,0.0210121285350368,-0.0591408136243774,0.0,0.0210121285350368,0.0251436536321499,0.0,-0.02299308966986916
CPNE3,0.0,0.00883280302033737,0.0,0.0,0.0,0.0,-0.024402059682676062
CPSF4,-0.0220557740027921,0.043651443449689,0.0,-0.0220557740027921,0.0158140463257725,0.0,-0.003801575054591621
CREB1,0.0,-0.0216624991302025,0.0,0.0,0.0,0.0,-0.004004402972973328
CREG1,0.063332720192757,-0.0130117740481331,0.00836729583513937,0.063332720192757,0.0187330625786304,0.0,-0.0252810350681067
CRELD2,0.0733589725749511,0.00923411135406858,0.0,0.0733589725749511,0.0639124683600705,0.0,5.756314549584711e-05
CRK,0.0,0.0163174219807435,0.0,0.0,0.0,0.0,0.02332783234376971
CRKL,0.0,0.0171576444218683,-0.00641479695159468,0.0,0.0,0.0,0.009564696959957035
CRTAP,0.0,0.0327764972342104,0.0,0.0,0.0,0.0,0.02258235579766825
CRYZ,0.0,-0.0173282700760659,0.0,0.0,0.0,0.0,0.004073908603862378
CSK,0.0,-0.0291640223580326,0.0,0.0,0.0,0.0,0.031186076092498766
CSNK1A1,0.0,0.0289170825135352,0.0,0.0,0.0,0.164750349477479,0.1099262887675677
CSNK1E,0.0,-0.00523788083790448,0.0,0.0,0.0,0.0,-0.005616753295993944
CSNK2A2,0.0,0.00185095213743914,0.0,0.0,0.0,0.0,-0.013192161664072702
CSRP1,0.0,0.00844433292704795,0.0,0.0,0.0,0.0,-0.019453732087245122
CTNNAL1,0.0,-0.0193327617320748,0.0,0.0,0.0,0.0,0.01015937294970679
CTNND1,0.0536796988296502,0.0137749098383382,0.0,0.0536796988296502,-0.0138725790750709,0.0,0.011047953396457517
CTSD,0.0,-0.0175956761236928,-0.00592806686162636,0.0,0.0,0.0,-0.022079506989636417
CTSL,0.0,-0.0305980171605564,0.0,0.0,0.0,0.0,-0.010504572878854968
CTTN,0.0409843688088383,-0.00427303851917804,0.0460624834435574,0.0409843688088383,-0.0751899127657895,0.0,0.022066990607545536
CXCL2,0.0164663216882636,0.0831550706101724,0.0,0.0164663216882636,0.116432302545779,0.0,0.001088430789907904
CXCR4,0.0889806089244869,0.0700013283448508,0.0,0.0889806089244869,0.0392258918399934,0.0,-0.014959865170033924
CYB561,0.0,-0.0118847923326101,0.0,0.0,0.0,0.0,-0.03175064468147347
CYCS,0.0614191073233826,0.0115771780044599,0.0,0.0614191073233826,0.0360505818305031,0.0,-0.008965819292521797
CYTH1,0.0,0.00114213039861323,0.0,0.0,0.0,0.0,0.04897512902486247
DAG1,0.0,-0.0302523479034333,0.0,0.0,0.0,0.0,-0.025772775687543176
DAXX,0.0,-0.00304800756864438,0.0,0.0,0.0,0.0,-0.04625711222156709
DCK,0.0,-0.0227204520430218,0.0,0.0,0.0,0.0,-0.05492812900013436
DCTD,-0.0262173615375147,0.0444803172122064,0.0,-0.0262173615375147,-0.0071063401460353,0.0,0.11087251101035774
DCUN1D4,0.0,0.018481010565492,-0.159544353795015,0.0,0.0,0.0,-0.0019196865291469935
DDB2,0.0,0.0162459081149379,0.0,0.0,0.0,0.0,-0.023876358682597576
DDIT4,-0.0801536905440579,0.046184951136405,0.0,-0.0801536905440579,0.0296711964794999,0.0,0.023746357490705722
DDR1,0.0,0.00815132269317304,0.0,0.0,0.0,0.0,-0.022778735023242958
DDX10,-0.0351679969229416,0.0163472556532412,0.0,-0.0351679969229416,0.00458625556585299,0.0,0.022608743330129126
DDX42,0.0,0.0281209665949079,0.0,0.0,0.0,0.0,-0.029983919066064735
DECR1,0.0,-0.0364811945921227,0.0356901618751248,0.0,0.0,0.0,0.025425675129106453
DENND2D,0.0,-0.0265639535796842,0.0,0.0,0.0,0.0,-0.058940555515976795
DERA,0.0,-0.0254519501981305,0.0,0.0,0.0,0.0,0.012409276468820906
DFFA,0.0,0.00261518062530682,0.0,0.0,0.0,0.0,0.042842118162893426
DFFB,0.0,-0.0296422898725385,-0.0572688078969733,0.0,0.0,0.0,-0.051288894272576234
DHDDS,0.0,0.0113254487799211,0.0,0.0,0.0,0.0,-0.041891534453373014
DHRS7,-0.0750255383059881,-0.0295652796853062,0.0547661713358232,-0.0750255383059881,-0.0136657442965262,0.0,0.022425074253572718
DHX29,0.0,-0.0352197191757836,-0.0257103372903218,0.0,0.0,0.0,0.01316397591545186
DIPK1A,0.0,0.0,0.0,0.0,0.0,0.0,0.016412110217431282
DLD,0.0,-0.0458775213790084,-0.0465908112565216,0.0,0.0,0.0,0.023058110789816278
DMAC2L,0.0,0.0,0.0,0.0,0.0,0.0,-0.07302758205091377
DMTF1,0.0,-0.0233530980349713,0.0,0.0,0.0,0.0,0.0017911554959843166
DNAJA3,0.0,0.00722991898939983,0.0,0.0,0.0,0.0,0.018944982844278407
DNAJB1,0.03808051924204,0.0249256396255487,0.0,0.03808051924204,0.0760584010219076,0.0,0.04027294344024374
DNAJB2,0.0,0.0229310593839039,0.0,0.0,0.0,0.0,-0.04053571712119335
DNAJB6,0.0,0.0133542004963092,0.0,0.0,0.0,0.0,0.07252643566918132
DNAJC15,0.0543772739444691,-0.00459063814567892,-0.0100265271908307,0.0543772739444691,0.286421896431608,0.0,-0.01760138941998842
DNM1,0.0,-0.0155146167239265,0.0,0.0,0.0,0.0,-0.0019415757029638346
DNM1L,0.0,-0.000345278480106239,-0.00265126508796233,0.0,0.0,0.0,-0.02081314765366251
DNMT1,0.0303553772096487,-0.000838445596314897,0.0,0.0303553772096487,0.0322527873601975,0.0,-0.016678455531495707
DNMT3A,0.0,-0.0126148883581026,0.0,0.0,0.0,0.0,0.05802402982659767
DNTTIP2,0.0,0.0043061549967587,0.0356677319044337,0.0,0.0,0.0,0.03404741710824958
DPH2,0.0,-0.0447959935252691,0.0,0.0,0.0,0.0,-0.018494536432369743
DRAP1,0.0,-0.0223668736749309,0.0,0.0,0.0,0.0,-0.034606506942437484
DSG2,0.0565645825823133,0.0177311434717509,0.00590301374644837,0.0565645825823133,-0.0512511358720428,0.0,0.03139174594517575
DUSP11,0.0,0.00492885713212429,0.0,0.0,0.0,0.0,0.008371890589717422
DUSP14,0.0,0.0694909000155213,0.0,0.0,0.0,0.0,0.021020404071223926
DUSP22,0.0,0.0497862544001272,-1.40251753891658e-09,0.0,0.0,0.0,-0.008824495980057695
DUSP3,0.0,-0.0138035177642744,-0.0125587272947341,0.0,0.0,0.0,0.007972741965772407
DUSP4,0.00983854452914368,0.0302014645231667,-0.0297164979976951,0.00983854452914368,-0.0784745337128108,0.0,-0.03336430109854814
DUSP6,0.0143474017189445,-0.0283871052812101,0.0747679661488769,0.0143474017189445,0.102311366269869,0.0,0.011355049603483262
DYNLT3,0.0,-0.0238116816432182,0.0,0.0,0.0,0.0,0.02862139057441095
DYRK3,0.0,0.0308655941210819,0.0,0.0,0.0,0.0,0.00013270316940320549
E2F2,0.0,0.0619271049960145,0.0,0.0,0.0,0.0,-0.015894364717533277
EAPP,0.0,0.000494913712732371,0.0,0.0,0.0,0.0,-0.021013853893508475
EBNA1BP2,-0.000707822306760629,0.0069978557645728,-0.0615346383605682,-0.000707822306760629,0.0268998106001942,0.0,-0.004420089920274149
EBP,0.0183276761615621,-0.0347359951281234,0.0,0.0183276761615621,0.0438789023760142,0.0,0.020181989036182364
ECD,0.0,-0.0489327365605452,0.0,0.0,0.0,0.0,-0.0203253361159684
ECH1,-0.00860568297779804,-0.0268355387533401,0.0344519603040774,-0.00860568297779804,-0.00224202198958067,0.0,-0.027303314427163262
EDEM1,0.0,-0.00021106993820744,0.0,0.0,0.0,0.0,-0.05277464941866153
EDN1,-0.0747570311691752,0.0506167941383431,0.0376252938298666,-0.0747570311691752,0.162858210507942,0.0,-0.01811223752544185
EED,0.0,0.00579401678064185,0.0,0.0,0.0,0.0,0.0183996927370359
EFCAB14,0.0160300476566867,-0.00397882477907569,0.0,0.0160300476566867,-0.0493206101508892,0.0,-0.02492382100686215
EGF,0.0,0.0193206316886349,0.0,0.0,0.0,0.0,0.0058398101691944215
EGFR,0.0,0.023067955006101,0.00607567105916702,0.0,0.0,0.0,0.022097134948629263
EGR1,0.0622768700620298,-0.020963319052813,1.05954720073485e-05,0.0622768700620298,0.00246984559332412,0.0,0.02106652517251872
EIF4EBP1,0.0,-0.00298832126568161,0.0,0.0,0.0,0.0,-0.03725719523170415
EIF4G1,0.0,0.0160518163464241,0.0,0.0,0.0,0.0,0.013161612116089077
EIF5,0.0,0.0192212526910395,0.0,0.0,0.0,0.0,-0.03993867134260863
ELAC2,0.0,0.00537574141328805,0.00031653477827481,0.0,0.0,0.0,0.007680576536479511
ELAVL1,0.0,-0.0174292978707743,-0.0203685420998211,0.0,0.0,0.0,0.02892346043513685
ELOVL6,0.0,0.000318483540937142,0.0,0.0,0.0,0.0,0.006385265629428529
ELP1,0.0,0.0175686494803039,0.0,0.0,0.0,0.0,-0.022723261608535213
EML3,0.0,-0.003164625926224,0.04798288120817,0.0,0.0,0.0,0.012340522027277449
ENOPH1,0.0,-0.0124139043230472,0.0,0.0,0.0,0.0,-0.051341808160355065
ENOSF1,0.0,0.0,0.0219922293936749,0.0,0.0,0.0,0.04402644746808798
EPB41L2,0.0,0.0735859775318752,0.0,0.0,0.0,0.0,0.02333200498352993
EPHA3,0.0,-0.000333042412393489,0.0370010876257463,0.0,0.0,0.0,-0.003083183128017885
EPHB2,0.0,0.0543921025615536,0.0,0.0,0.0,0.0,-0.006403565167621608
EPN2,0.0,-0.0362787055645334,0.00663586547483492,0.0,0.0,0.0,-0.007927014155314648
EPRS,0.0,-0.00230903713104656,0.0,0.0,0.0,0.0,0.0
ERBB2,0.0,0.00181195871635494,0.0763440353501894,0.0,0.0,0.0,0.001442751874810884
ERBB3,0.0,-0.017188769212283,0.0,0.0,0.0,0.0,0.004142177783572843
ERO1A,0.0426078734485544,0.0,0.0,0.0426078734485544,-0.0342125359828412,0.0,-0.007877687618026681
ETFB,0.0,-0.0194081681700639,0.0962621675937787,0.0,0.0,0.0,0.055403164775686686
ETS1,0.0,0.0311508155223491,-0.0266419185308328,0.0,0.0,0.0,-0.019433857500158365
ETV1,0.0,0.0161509463577606,0.0107400818976513,0.0,0.0,0.0,-0.01694649588318634
EVL,0.0754627396916879,0.0354261242724636,0.0,0.0754627396916879,-0.0220172674317792,0.0,-0.0580665278889007
EXOSC4,0.0,0.0202782684815274,0.0,0.0,0.0,0.0,0.02603060708363156
EXT1,0.0,0.00897526432253444,0.0,0.0,0.0,0.0,0.044446181882700976
EZH2,0.0,-0.0134926692281362,0.0,0.0,0.0,0.0,-0.012434735023430822
FAH,0.0,-0.0312739286454187,0.0308792757797701,0.0,0.0,0.256902386353583,0.06689141488676585
FAIM,0.0,0.00173857785030513,0.0,0.0,0.0,0.0,-0.04681915830423302
FAM20B,0.0,-0.0147175088598781,0.0,0.0,0.0,0.0,-0.040108143843714444
FAM57A,0.0,-0.00540370052705142,0.0646082555354026,0.0,0.0,0.0,0.0
FAS,0.0,0.0133265357031084,0.0,0.0,0.0,0.0,0.0078708293793502
FASTKD5,0.0,-0.0116370224175379,-0.0306394011463263,0.0,0.0,0.0,-0.0392086093072879
FAT1,0.0,0.027924083733727,0.0,0.0,0.0,0.0,0.04034258587960101
FBXL12,0.0,0.00908251868896176,-0.00284932018818535,0.0,0.0,0.0,0.07597211420012748
FBXO11,0.0,-0.0346962248355276,0.0221643707659253,0.0,0.0,0.0,0.03957011497821602
FBXO21,0.0,-0.0344511076594492,0.0,0.0,0.0,0.0,-0.032222537176087876
FBXO7,0.0,-0.0154791177220064,-0.0194263097932227,0.0,0.0,0.0,-0.050995594381780515
FCHO1,0.0,0.0126541453825117,0.0574898759771986,0.0,0.0,0.0,-0.023123705886796082
FDFT1,0.0330057712228704,0.0120957689748207,0.0,0.0330057712228704,0.0439604246648888,0.0,-0.018257453098042716
FEZ2,0.0,-0.00174016555008509,0.0,0.0,0.0,0.0,0.04973325141221062
FGFR2,-0.00123772518236285,-0.0012451629271207,0.0,-0.00123772518236285,0.0161962854093793,0.0,-0.026636769778441427
FGFR4,0.0,0.0,0.0,0.0,0.0,0.0,0.018797146296908866
FHL2,-0.0504882079089467,0.0403171630121729,-0.0620520302563653,-0.0504882079089467,-0.0738670767593347,0.0,-0.006703856250701981
FIS1,0.0,0.00308289649226883,0.0,0.0,0.0,0.0,0.07293859356218516
FKBP14,0.0,0.0193042538017207,0.0,0.0,0.0,0.0,0.001497723374816837
FKBP4,0.0,0.00276961050276944,0.0176352546336466,0.0,0.0,0.0,-0.002163234184158409
FOS,0.0762139124612362,-0.00970179299968343,0.00391673262418167,0.0762139124612362,-0.000683468553486262,0.0,-0.009856157988817017
FOSL1,-0.0778308675913434,-0.0115469649843434,0.0780493805887735,-0.0778308675913434,-0.0724159500479037,0.048155992112897,0.019226813799698227
FOXJ3,0.0,-0.0101701485407388,0.0,0.0,0.0,0.0,-0.03258211047683546
FOXO3,0.0,-0.00873695573851844,0.0,0.0,0.0,0.0,-0.0010805140679079077
FOXO4,0.0,0.034672245248311,0.0118156871722492,0.0,0.0,0.0,-0.020737326336295565
FPGS,0.0,-0.0116198590929538,0.0,0.0,0.0,0.0,0.026460823133269775
FRS2,0.0,0.0487397663300399,0.0,0.0,0.0,0.0,-0.04836584333917658
FSD1,0.0,8.98553515249185e-05,-0.10261614348731,0.0,0.0,0.0,-0.010641222206937358
FUT1,0.0,0.0112264232735679,0.0,0.0,0.0,0.0,0.0004551668981497538
FYN,0.0535640742694645,-0.00433720246058368,0.0327159056555648,0.0535640742694645,-0.0105565008961186,0.0,-0.04291701923611922
FZD1,0.0,0.0248195819099596,0.0,0.0,0.0,0.0,0.016145847912635104
FZD7,0.0,-0.0246209148648636,0.00302429717520975,0.0,0.0,0.0,0.03591174512124655
G3BP1,0.0,0.0130790663330695,0.0,0.0,0.0,0.0,0.019326194366736313
GAA,0.0,-0.0180744324073219,-0.0845512685100222,0.0,0.0,0.0,0.005720845540877392
GABPB1,0.0,0.0271250745123759,0.0,0.0,0.0,0.0,-0.00427211521026367
GADD45A,-0.0316724977014568,0.000609808236223474,0.0,-0.0316724977014568,-0.0126365126892206,0.0,-0.0015311004688886058
GADD45B,-0.029686949460734,0.0212385012390472,0.00280721218796918,-0.029686949460734,-0.0603363676347023,0.0,0.008850569288613568
GALE,0.0,-0.0549191741638711,0.0,0.0,0.0,0.0,-0.0007094906647227614
GAPDH,-0.0426370253658901,0.0204508590325348,0.0469753815910265,-0.0426370253658901,0.0117952270717391,0.0,0.028054590992719067
GATA2,-0.199665063806775,-0.00170402337808145,-0.117595978225958,-0.199665063806775,-0.120556325315515,0.0,-0.014407308601666918
GATA3,-0.0144261198607549,-0.00476996779153037,0.0,-0.0144261198607549,-0.0158155715573309,0.0,0.0002399259178494992
GDPD5,0.0,-0.0187293092957832,0.0,0.0,0.0,0.0,0.0013493073209473638
GFOD1,0.0,0.0409632347175453,0.0,0.0,0.0,0.0,-0.000990026547930745
GFPT1,0.0,-0.0257401346923657,0.0,0.0,0.0,0.0,-0.04744321963950845
GHR,0.0,0.0348744069241676,0.0697839052579246,0.0,0.0,0.0,-0.0014580920310440372
GLI2,0.0,0.0501832087959069,0.0,0.0,0.0,0.0,0.01725003720084556
GLOD4,0.0,-0.0020299769573045,-0.056540103014678,0.0,0.0,0.0,-0.020407435073173587
GLRX,-0.125668385644035,-0.0149768125417468,0.0563051278422101,-0.125668385644035,0.042913778659369,0.0,-0.03717973345424984
GMNN,0.111811198106601,0.0139628228441453,-0.0442039772378232,0.111811198106601,0.0805157323765185,0.0,-0.04481279020627888
GNA11,0.0,0.00910825459140033,0.0,0.0,0.0,0.0,-0.06525859408041242
GNA15,0.0,-0.0572165874757499,0.0,0.0,0.0,0.0,0.006976405998858819
GNAI1,0.0,0.0824447591758674,0.0,0.0,0.0,0.0,0.02507107595714965
GNAI2,0.0,-0.00326238989312209,-0.0309777456906823,0.0,0.0,0.0,0.07318166381613005
GNAS,-0.0138113648651857,-0.027069160589465,0.0,-0.0138113648651857,0.0191581499656493,0.0,-0.05855244687888328
GNB5,0.0,-0.0228647812468778,0.019702621848796,0.0,0.0,0.0,0.016413310915158363
GNPDA1,0.0,-0.0151429094659793,-0.0933918953154216,0.0,0.0,0.0,0.01601932055929588
GOLT1B,0.0,-0.051515298129562,0.0,0.0,0.0,0.0,-0.004597266298750471
GPATCH8,0.0,-0.000440798546727812,0.0,0.0,0.0,0.0,0.011357159850854765
GPC1,0.0,0.0518747169993074,0.151581760843656,0.0,0.0,0.0,0.032378842619521335
GPER1,0.0,-0.0495106789587212,0.0,0.0,0.0,0.0,0.00821169408684316
GRB10,0.0,0.00986110394641131,0.0,0.0,0.0,0.0,0.05389982278252097
GRB7,0.0,0.0390265331345796,0.0,0.0,0.0,0.0,0.002701069218955924
GRN,0.0,0.00353040438889386,0.0,0.0,0.0,0.0,-0.00383003779940675
GRWD1,0.0,-0.0272536888027238,0.0,0.0,0.0,0.0,-0.012818337547043552
GSTM2,0.0,0.020225203115624,0.0979149571417296,0.0,0.0,0.0,-0.021456027534404516
GSTZ1,0.0,0.0139552940031182,0.0,0.0,0.0,0.0,0.018108291098386842
GTF2A2,-0.0284828182504017,0.0363476700990582,-0.0756750048060194,-0.0284828182504017,-0.00436149329584603,0.0,-0.0039042132014264963
GTF2E2,0.0,0.0162159534169558,0.0739395987348564,0.0,0.0,0.0,0.0019255778117175295
GTPBP8,0.0,0.081525467759049,0.00600726866011146,0.0,0.0,0.0,-0.014798321138344424
H2AFV,-0.00103063712158228,-0.0197957145108919,0.0,-0.00103063712158228,0.0534577124501997,0.0,0.0
HACD3,0.0,0.0284095108159585,0.0,0.0,0.0,0.0,-0.02328081561521086
HADH,0.0,-0.0362857442748395,0.0,0.0,0.0,0.0,-0.017390161608294756
HAT1,0.0,0.000204812890115208,0.0,0.0,0.0,0.0,0.06569671140331243
HDAC2,0.0,0.0185801330338201,-0.0124770069011982,0.0,0.0,0.0,0.01290670566436817
HDAC6,0.0,0.0374428108594091,0.0,0.0,0.0,0.0,-0.015207753371633301
HDGFL3,0.0,-0.00080403964066512,0.0,0.0,0.0,0.0,-0.020512612980123406
HEATR1,0.0,-0.0123172957911612,0.0,0.0,0.0,0.0,0.018001397047840133
HEBP1,0.0,-0.013616375044595,-0.0009573439423565,0.0,0.0,0.0,0.023329001364155676
HERC6,0.0,0.0699054438541731,0.0,0.0,0.0,0.0,0.006784696094102235
HERPUD1,0.0130383987048207,0.0251196888979001,-0.132611693868199,0.0130383987048207,0.049825451093344,0.0,-0.0362872031202478
HES1,0.0582503690076375,-0.00102832454699367,-0.0774821180350165,0.0582503690076375,-0.00819363089674192,0.0,0.03553226412581683
HIF1A,0.0,0.0140859399181473,0.0,0.0,0.0,0.0,-0.033083379121085436
HIST1H2BK,0.0,0.000312652713457493,-0.0287906885051125,0.0,0.0,0.0,0.0
HIST2H2BE,0.0286814131270692,0.0125615617571396,-0.101682039764766,0.0286814131270692,-0.00742174465309053,0.0,0.0
HK1,0.0,0.0298020684123398,0.0,0.0,0.0,0.0,0.020514824244110785
HLA-DMA,0.0,0.0,0.0,0.0,0.0,0.0,-0.029154794027459595
HLA-DRA,0.0103397151435975,0.0,0.0,0.0103397151435975,0.0737439718416571,0.0,-0.01666156439571657
HMG20B,-0.029115897308296,-0.00371980054826324,0.0,-0.029115897308296,-0.00490464297094285,0.0,-0.02163059396192101
HMGA2,0.0,0.0100770187426968,0.0,0.0,0.0,0.0392039943126817,0.01035416516362616
HMGCR,0.0,-0.0125846638205812,0.0,0.0,0.0,0.0,0.031602080207301056
HMGCS1,0.111228869783171,-0.013562357661453,0.0,0.111228869783171,0.0745025631502243,0.0,-0.03339897532047574
HMOX1,-0.0287885629222153,-0.0150362889291503,0.0,-0.0287885629222153,-0.0480515907358427,0.0,-0.009937427593758288
HOMER2,0.0,-0.0487854079523433,0.0368047573888364,0.0,0.0,0.0,0.0020661967314908815
HOOK2,0.0,0.024222346734248,0.0,0.0,0.0,0.0,0.021309539926141867
HOXA10,0.026949181621269,-0.0135233351603924,0.0099661986427363,0.026949181621269,-0.153692799730517,0.0,0.0010508506734089283
HOXA5,-0.0916839861492155,0.00413380220340308,0.00188734469538348,-0.0916839861492155,-0.0269184960247072,0.0,0.019497904680007096
HPRT1,0.0,0.0,0.0,0.0,0.0,0.0,-0.009666531859666306
HS2ST1,0.0,0.0445469223633053,-0.0443021364421694,0.0,0.0,0.0,-0.062154394066256106
HSD17B10,0.0,-0.00795409415756846,0.0,0.0,0.0,0.0,0.044315041522229946
HSD17B11,0.0389840966879311,-0.00410084609558191,0.0,0.0389840966879311,0.0183320310367171,0.0,-0.04305806697449478
HSPA1A,0.11307479376658,0.0343198023410328,0.0567593142166775,0.11307479376658,-0.0880880682254762,0.0,0.028919903754453656
HSPA4,0.0,0.0098668557157069,0.0,0.0,0.0,0.0,0.04789349970196848
HSPA8,-0.0389918204668099,0.000545712640909844,0.0,-0.0389918204668099,0.0226660728403566,0.0,0.0237610128588386
HSPB1,0.0,0.0355467649897952,0.0,0.0,0.0,0.0,-0.018368452848464
HSPD1,0.0,-0.00612715933937724,-0.0452546931101785,0.0,0.0,0.0,0.06141540989718739
HTATSF1,0.0,-0.0157855975459201,0.11639567333708,0.0,0.0,0.0,-0.08037739920541684
HTRA1,-0.0166294324688302,-0.095708014407831,0.0,-0.0166294324688302,-0.0478280453062764,0.0,0.027906075506735167
HYOU1,0.0,0.0349865626055763,0.0,0.0,0.0,0.0,-0.014576134407983493
IARS2,0.0,-0.00838531650005855,0.0,0.0,0.0,0.0,0.02570358071702461
ICAM1,0.00314608783352584,0.00451814247085869,0.0,0.00314608783352584,0.0992586233332443,0.0,-0.014070308023402572
ICAM3,0.0,0.00616295326595457,0.0,0.0,0.0,0.0,-0.016936690361056383
ICMT,0.0,-0.00557629744272807,0.0,0.0,0.0,0.0,-0.04418543666047557
ID2,-0.051079152091785,-0.0693830337454507,0.0,-0.051079152091785,-0.041949784149246,0.0,-0.01687626903789634
IDE,0.0,-0.00328721375599357,0.0,0.0,0.0,0.0,0.00037683977593098295
IER3,0.0123764066797331,0.0489870350976301,0.0,0.0123764066797331,0.0560652055089419,0.0,0.019908022206479647
IFNAR1,0.0,-0.0194228145666148,0.0,0.0,0.0,0.0,-0.04392044872634593
IFRD2,0.0,-0.00735031033986988,0.0,0.0,0.0,0.0,0.0650785436048031
IGF1R,0.0,-0.00876631622509522,0.00502793294409154,0.0,0.0,0.0522042641757988,0.09341448976164606
IGF2BP2,0.0,0.0519876308458413,0.0295517129968512,0.0,0.0,0.0,0.009659942448485209
IGF2R,0.0,0.0322334444401654,0.0,0.0,0.0,0.0,-0.002718608235872192
IGFBP3,-0.207644378243169,0.0292309464554194,0.0,-0.207644378243169,-0.174139561647127,0.0,-0.012640911257237444
IGHMBP2,0.0,0.0113746244237586,0.0,0.0,0.0,0.0,-0.03487040926134112
IKBKB,0.0,-0.032676861333795,0.0,0.0,0.0,0.0,-0.017154684587829025
IKBKE,0.0,-0.0613182923890331,0.0,0.0,0.0,0.0,0.0012856342941727677
IKZF1,0.0,-0.0702983800387868,0.0,0.0,0.0,0.0,-0.007227321156364287
IL13RA1,0.0,-0.0398491883710183,0.0,0.0,0.0,0.0,-0.011856730708409225
IL1B,0.0522737890164714,0.0489652470247667,0.0,0.0522737890164714,0.0283936866087782,0.0,-0.00332617934799166
IL4R,0.0,0.0232750005119767,0.0,0.0,0.0,0.0,-0.00019140792664113003
ILK,0.0,-0.0400840653541603,0.0,0.0,0.0,0.0,0.01707370921630238
INPP1,0.0,0.0557496566604022,-0.0255831116295949,0.0,0.0,0.0,0.0195142207838489
INPP4B,0.0,0.0248594703078742,0.0,0.0,0.0,0.0,0.0025806175193554366
INSIG1,0.0215376049303729,-0.0129027448224594,0.0,0.0215376049303729,0.120072029509736,0.0,0.01950946421135416
INTS3,0.0,0.0602418479950946,0.000900508743821315,0.0,0.0,0.0,-0.03653129135478948
IPO13,0.0,0.0356577506909752,0.0,0.0,0.0,0.0,-0.0062594972379790715
IQGAP1,0.0,0.00399316842811396,0.0,0.0,0.0,0.0,-0.0045501192588693635
ISOC1,0.0,-0.0112539783711608,0.0,0.0,0.0,0.0,0.03289919554555771
ITFG1,0.0,0.0234467016131669,0.0,0.0,0.0,0.0,-0.032335806626574426
ITGAE,0.0,0.00450997895098826,0.0392044764740651,0.0,0.0,-0.37717345577684,-0.08191058627077129
ITGB1BP1,-0.0154883658902855,0.00682249761651316,0.0,-0.0154883658902855,-0.0184351206349967,0.0,0.03470755281716901
ITGB5,0.0,0.0413570075825376,0.0,0.0,0.0,0.0,0.02736196198973613
JADE2,0.0,-0.000893878631135839,0.0,0.0,0.0,0.0,0.017504012211024312
JMJD6,0.0,-0.00203281771712772,-0.0901045729938952,0.0,0.0,0.0,0.08309927054264468
JPT2,0.0,0.0298429106166282,0.0,0.0,0.0,0.0,-0.03826128014949292
JUN,0.02525037810249,-0.00432353946004126,0.0607527826950858,0.02525037810249,-0.0220512640404628,0.0,-0.010075358276110833
KAT6A,0.0,0.00553678987619884,0.0,0.0,0.0,0.0,0.004739760657922515
KAT6B,0.0,-0.0318943956481958,0.0,0.0,0.0,0.0,-0.05501780074871205
KCNK1,0.0,0.000785579773474335,0.0,0.0,0.0,0.0,-0.00044371353522335857
KCTD5,0.0,0.0351537520948425,0.0,0.0,0.0,0.0,0.02060769905905966
KDELR2,0.0,-0.0179384538313649,0.0451595324907404,0.0,0.0,0.0,-0.015699528998169517
KDM3A,0.0,0.0203544439305177,0.0,0.0,0.0,0.0,0.03137367998359829
KDM5A,0.0,0.00466074806733539,0.0,0.0,0.0,0.0,-0.015267785965072006
KDM5B,0.0,-0.0424482447933784,-0.0313130690869348,0.0,0.0,0.0,0.02766659798407801
KEAP1,0.0,0.00566423895286723,0.0,0.0,0.0,0.0,0.010543598324583845
KHDC4,0.0,0.0,0.0,0.0,0.0,0.0,-0.017784974822619568
KIAA0100,0.0,0.0,0.0,0.0,0.0,0.0,-0.048696268225002906
KIAA0355,0.0,0.0,0.0,0.0,0.0,0.0,0.0
KIAA0753,0.0,0.0188403778565985,0.0,0.0,0.0,0.0,-0.03033553438336883
KIF14,0.0,-0.0187547201740655,0.0,0.0,0.0,0.0,0.0009929045035023175
KIF1BP,0.0,0.026056424066006,0.0,0.0,0.0,0.0,0.0
KIF20A,0.0,0.000970943750577916,0.0,0.0,0.0,0.0,0.009532227269557894
KIF2C,0.0,0.0523450323088522,0.0,0.0,0.0,0.0,-0.005614114587918753
KIF5C,0.0,0.0763179909214889,0.0,0.0,0.0,0.0,-0.006751468932983017
KIT,0.0,0.0033669584739482,0.0104633529146808,0.0,0.0,0.0,0.014694920979871216
KLHDC2,0.0,0.0259561027231797,0.0,0.0,0.0,0.0,-0.04492102528162872
KLHL21,0.0,0.00381177377621886,0.00236775297248742,0.0,0.0,0.0,0.04702038923450609
KLHL9,0.0,0.0334099180233173,0.0,0.0,0.0,0.0,0.007878034988216357
KTN1,0.0,-0.0214696708919787,0.0,0.0,0.0,0.0,0.02637753418778619
LAGE3,0.0,-0.00423317583425821,0.0,0.0,0.0,0.0,-0.0354477444532865
LAMA3,-0.0488840650578867,-0.0147166645719861,0.0933906587990467,-0.0488840650578867,0.000416112436187489,0.0,0.007994352613314711
LAP3,0.0,-0.0199038996047688,0.0,0.0,0.0,0.0,-0.04734230082159085
LBR,0.0,0.027016583650064,0.0,0.0,0.0,0.0,0.018352611692403133
LGALS8,0.0,0.0366977091338521,0.111970047199369,0.0,0.0,0.0,0.05299047058577182
LGMN,-0.0109960406367441,0.0608544765505337,0.0,-0.0109960406367441,-0.0325613443803089,0.0,-0.07367933771511023
LIG1,0.0,0.0098428822082204,-0.0544283732860665,0.0,0.0,0.0,0.022308483705517402
LIPA,-0.00237562069339687,0.00816620629982123,0.0,-0.00237562069339687,-0.0236169557107668,0.0,0.016411789817851786
LOXL1,-0.104993800355436,-0.00988893060923382,-0.0415304192345604,-0.104993800355436,-0.146661364509069,0.0,0.009104198284989368
LPAR2,0.0,0.0139727518888789,0.0,0.0,0.0,0.0,0.01455909338331792
LPGAT1,0.0,-0.0492825376817174,-0.077950766431353,0.0,0.0,0.0,-0.014985649718591992
LRP10,0.0,-0.0153915760068491,0.0,0.0,0.0,0.0,0.026199301935647862
LRPAP1,0.0,0.00386794171949683,-0.0471502883335558,0.0,0.0,0.0,-0.003999299684452388
LRRC41,0.0,0.00716768445346409,0.0,0.0,0.0,0.0,0.00794764245027664
LSM5,0.0535039362079888,0.0192831510205336,0.0619060513806083,0.0535039362079888,0.0446927819906513,0.0,-0.01607691814397066
LSM6,0.0,-0.0246554542396551,0.0470147196214252,0.0,0.0,0.0,0.012080375557575613
LSR,-0.0221476969845977,-0.0114058395572183,-0.0558764060544135,-0.0221476969845977,-0.0067857986858498,0.0,-0.016761385777921044
LYN,0.0,-0.0367407708259204,0.0,0.0,0.0,0.0,-0.04888570522888552
LYPLA1,0.0227490548422002,-0.00120977270667188,0.0,0.0227490548422002,-0.0142934627098472,0.0,-0.0284132526956868
LYRM1,0.0,0.00319386270615233,0.0,0.0,0.0,-0.739231414734942,-0.09902283086193928
MACF1,0.0,0.0331729056807026,-0.0783271766421195,0.0,0.0,0.0,0.12287354795304045
MALT1,0.0,0.0299097319252632,-0.00503750726356288,0.0,0.0,0.0,-0.011442557026101747
MAMLD1,0.0,0.0365863864388815,0.00606460802105731,0.0,0.0,0.0,0.030123628866978957
MAN2B1,0.0,-0.0288665020135612,0.0,0.0,0.0,0.0,-0.0037257639838635358
MAP2K5,0.0,0.0510376411646648,0.061347206793037,0.0,0.0,0.0,0.006825650025454439
MAP3K4,0.0,-0.00776955467525515,0.0,0.0,0.0,0.0,0.07211324730333289
MAP4K4,0.0,-0.0421823988769714,-0.0246254028758592,0.0,0.0,0.0,0.009239359038910213
MAP7,0.0,-0.0118229092253797,0.0,0.0,0.0,0.0,0.02254212352864037
MAPK13,-0.00875829189961962,0.0439072271410234,0.0,-0.00875829189961962,-0.00996498666347353,0.0,-0.03220536781176189
MAPK1IP1L,0.0,-0.0132391598541713,0.0,0.0,0.0,0.0,0.048780327961974734
MAPK9,0.0,-0.00655209648156655,0.0,0.0,0.0,0.0,-0.03154991058597722
MAPKAPK2,0.0,0.00549326317303158,0.0,0.0,0.0,0.0,-0.00861793075190864
MAPKAPK3,0.0,-0.06074944412834,-0.15004512908962,0.0,0.0,0.0,-0.004587712926413599
MAPKAPK5,0.0,-0.0402739208304921,0.0,0.0,0.0,0.0,-0.06565745545137082
MAST2,0.0,0.0015280973989248,0.0,0.0,0.0,0.0,-0.039862939111439406
MAT2A,0.0,0.04554591139059,0.0,0.0,0.0,0.0,0.04584905548993386
MBNL1,0.0,0.0329163938800533,0.0,0.0,0.0,0.0,-0.014718871514068433
MBNL2,0.0,-0.0340632407442685,0.0,0.0,0.0,0.0,0.010904984533507306
MBOAT7,0.0,-0.0712305685891276,0.0,0.0,0.0,0.0,-0.018055201615151735
MBTPS1,0.0,0.0144471473836159,-0.00941921335606627,0.0,0.0,0.0,0.019787502051738425
MCM3,-0.0128703712406161,0.0379034665794086,0.0,-0.0128703712406161,0.0177576261559746,0.0,-0.022104486643940522
MCOLN1,0.0,0.0316164628452841,0.0,0.0,0.0,0.0,0.004971782401286029
MCUR1,0.0,-0.0605362256759284,0.0,0.0,0.0,0.0,-0.003156527060699583
ME2,0.0,0.060315646834599,0.0,0.0,0.0,0.0,-0.04028308203602203
MEF2C,0.0870717295436415,-0.0179674665918546,0.0,0.0870717295436415,-0.0524609709509332,0.0,-0.008904950813720428
MELK,0.0,0.0426553491430109,0.0,0.0,0.0,0.0,-0.019482716105199503
MEST,-0.19250234896455,0.00175000157838129,0.0394811660456051,-0.19250234896455,-0.0470573324205871,0.0,0.02150015301871111
METRN,0.0,-0.0409625518727679,0.0,0.0,0.0,0.0,-0.0010726113328022027
MFSD10,0.0,0.0115341428373441,0.0,0.0,0.0,0.0,0.07509386788528025
MICALL1,0.0,0.036706869194315,0.00391757718881786,0.0,0.0,0.0,-0.006234133189659563
MIF,0.0,-0.0096989585646092,0.0,0.0,0.0,0.0,0.0005570590636676768
MINDY1,0.0,0.0012716270867441,0.0,0.0,0.0,0.0,-0.010868023455508552
MKNK1,0.0,-0.0047125672909167,-0.00626755381061993,0.0,0.0,0.0,0.014904749794022292
MLEC,0.0,-0.00367513150316837,0.0,0.0,0.0,0.0,-0.04703587738504684
MLLT11,0.0,0.0444620080436613,0.0,0.0,0.0,0.0,0.023783965957689123
MMP1,0.0,0.0125212735622096,-0.000481610530296706,0.0,0.0,0.0,-0.0010745093847111308
MMP2,-0.0547861927362074,0.0346696998858098,0.0,-0.0547861927362074,0.0206440532945346,0.0,-0.005662449157462785
MNAT1,0.0,-0.00775911576078922,0.0,0.0,0.0,0.0,0.028457134212528386
MOK,0.0,0.0342610492865258,0.0,0.0,0.0,0.0,-0.002388432593504727
MPC2,-0.0100936226679709,-0.0467692058273287,0.0,-0.0100936226679709,0.0168329692408345,0.0,-0.012102468599414223
MPZL1,0.0,-0.0108966080929647,0.0,0.0,0.0,0.0,0.013275156442995487
MRPL12,0.0,-0.014537743370609,0.0,0.0,0.0,0.0,0.028492993151190058
MRPL19,0.0,-0.00786755189688845,0.0,0.0,0.0,0.0,0.011515673987120632
MRPS16,0.0,-0.0224956763950065,0.0,0.0,0.0,0.0,-0.00903309616246735
MRPS2,0.0,0.00032857741219478,0.0,0.0,0.0,0.0,0.04846024777134742
MSH6,0.0,-0.0801823005841168,0.0742625618226469,0.0,0.0,0.0,0.02053419889587767
MSRA,0.0,-0.0665362890264255,0.0,0.0,0.0,0.0,0.015613468474261483
MTA1,0.0,-0.00905661682058653,0.0,0.0,0.0,0.0,-0.015663794334384328
MTERF3,0.0,0.0293096769734744,0.0,0.0,0.0,0.0,-0.05186468384721714
MTF2,0.0,0.0163407512486632,0.0,0.0,0.0,0.0,-0.0017654733301787255
MTFR1,0.0,0.00977574782342881,-0.0520644456906781,0.0,0.0,0.0,-0.013563941472101004
MTHFD2,0.0,0.0823231122462002,0.0,0.0,0.0,0.0,-0.003957583204492928
MUC1,0.153979253096471,-0.0480742341803795,-0.0013309321164474,0.153979253096471,-0.000588940069909648,0.0,-0.0156548510427892
MVP,0.0,-0.00820770678556459,0.0,0.0,0.0,0.0,-0.016726167677010937
MYBL2,0.0,0.0244126645561341,-0.0713666189187348,0.0,0.0,0.0,-0.01612722346793532
MYC,0.0877353555325579,0.0421735981045724,0.0,0.0877353555325579,0.108221365622539,0.0157170424169788,0.03214486477746879
MYCBP,0.0,0.0173131486140875,0.0,0.0,0.0,0.0,0.045181158402203866
MYCBP2,0.0,-0.0034863641209276,0.0,0.0,0.0,0.0,-0.0010482036357517671
MYL9,-0.0281016290537244,0.0224965707312532,0.0,-0.0281016290537244,0.0405485137788611,0.0,-0.012946987349558648
MYLK,0.097207785205417,-0.0020173849301714,0.0,0.097207785205417,0.0643617427085919,0.0,0.0014965200536836089
MYO10,0.0,0.00761832734059209,0.0,0.0,0.0,0.0,0.005854310080453438
NCAPD2,0.0,0.0358029026911729,0.0,0.0,0.0,0.0,-0.020152760079707364
NCK1,0.0,-0.0228702337021323,0.0,0.0,0.0,0.0,0.025572297446591525
NCK2,0.0,-0.0191853340660098,0.0,0.0,0.0,0.0,-0.022197029721024313
NCOA3,0.0,-0.0688418396860103,0.0,0.0,0.0,0.0,-0.0743862056247286
NENF,0.0,-0.0368790124617039,-0.00519645428862952,0.0,0.0,0.0,0.03743523850415065
NET1,0.0,0.0236347333081488,0.0258173006111391,0.0,0.0,0.0,-0.02126546460672173
NFATC3,0.0,0.0428285192268837,0.0,0.0,0.0,0.0,-0.00026825346288174843
NFATC4,0.0,0.0527573356736337,0.0,0.0,0.0,0.0,0.03029872659644631
NFE2L2,0.0,0.000905433802485377,0.0,0.0,0.0,0.0,0.05708212477301427
NFIL3,-0.0188443830866833,-0.0349609859806015,0.0,-0.0188443830866833,-0.0556951094092159,0.0,0.025676891544000848
NFKB2,0.0,-0.0133883663611094,0.0,0.0,0.0,0.0,0.03695728965110478
NFKBIA,-0.0633320647866528,-0.0125412968630251,0.0,-0.0633320647866528,0.0130233849981668,0.0,-0.05314085246180253
NFKBIB,0.0,-0.0299298144266608,0.0323846981428239,0.0,0.0,0.0,-0.04347921174902146
NFKBIE,0.0,-0.0507427196892837,0.0,0.0,0.0,0.0,-0.02990084656089825
NGRN,0.0,-0.0120515311420123,0.0,0.0,0.0,0.0,-0.02560530410227442
NIPSNAP1,0.0,0.0340695956056914,0.0522092888548949,0.0,0.0,0.0,0.01595973003078133
NISCH,0.0,0.0225314974110683,0.0,0.0,0.0,0.0,0.09158906920406401
NIT1,0.0,-0.00504739956835839,0.0,0.0,0.0,0.0,-0.00700152102135087
NMT1,0.0,-0.0532109509158558,-0.0296335369351359,0.0,0.0,0.0,-0.038729683244319295
NNT,0.0,0.028254463671229,0.0,0.0,0.0,0.0,-0.03400767123962782
NOL3,0.0,0.04677087922998,0.0,0.0,0.0,0.0,0.011974566192180297
NOLC1,0.0,0.0439720715023655,-0.00421800648530292,0.0,0.0,0.0,0.05088475375637843
NOS3,0.0,0.0085026293402553,0.0,0.0,0.0,0.0,-0.02212703105885277
NOSIP,0.0,-0.0680847509667168,0.0,0.0,0.0,0.0,0.038597799277504716
NOTCH1,0.0,-0.0232945554581186,0.0,0.0,0.0,0.0,-0.0041015714811053205
NPC1,0.0,-0.0429102545930553,0.0,0.0,0.0,0.0,0.005421251613725967
NPDC1,0.0,0.0342555320583072,0.0,0.0,0.0,0.0,-0.013490600281454258
NPEPL1,0.0,-0.00676497568427477,0.0,0.0,0.0,0.0,-0.00043084157396714676
NPRL2,0.0,-0.0495266197866012,0.0,0.0,0.0,0.0,0.00944349290004824
NR1H2,0.0,-0.0344045300032648,0.0,0.0,0.0,0.0,0.06014019428818169
NR2F6,0.0,0.00215336668974271,0.0,0.0,0.0,0.0,-0.03238894931143903
NR3C1,0.0,-0.00341084022224059,-0.0862810055501097,0.0,0.0,0.0,-0.021267608748440046
NRAS,0.0,0.0251894650564176,0.0,0.0,0.0,0.0,0.0056339862347046694
NRIP1,0.0,0.014767530371853,0.0,0.0,0.0,0.0,0.009822663869407045
NSDHL,0.0,0.00850466816466035,-0.00771652938047274,0.0,0.0,0.0,-0.005552743241234615
NT5DC2,0.0,-0.0387817393684902,0.0992816715471648,0.0,0.0,0.0,0.001559760517853175
NUCB2,0.0,0.0425557715661042,0.0,0.0,0.0,0.0,-0.011539155086170838
NUDCD3,0.0,-0.0215346904319182,0.0,0.0,0.0,0.0,-0.02116812935814072
NUDT9,0.0,-0.00112692011758212,-0.0826926781061444,0.0,0.0,0.0,-0.03361570854044209
NUP133,0.0,0.0118877662817922,0.0520280402839574,0.0,0.0,0.0,-0.032184094781186376
NUP62,0.0,0.0173034758611595,-0.0849120629848838,0.0,0.0,0.0,0.030927125504900153
NUP85,0.0,-0.052524128325298,0.0,0.0,0.0,0.0,-0.04074152851826992
NUP88,0.0,0.0192733101967039,2.6343141923783e-05,0.0,0.0,0.0,0.002456142255358248
NUP93,0.0,-0.0427188374914872,0.0,0.0,0.0,0.0,0.032500422406740004
NUSAP1,0.171275711473382,0.0180230920897634,0.0,0.171275711473382,0.187501007530604,0.0,-0.013201272658688415
NVL,0.0,-0.00731346178090786,-0.0466099227619582,0.0,0.0,0.0,-0.01821579785359883
ORC1,0.0,0.050725809639269,0.0,0.0,0.0,0.0,0.0011611459676586441
OXA1L,0.00102474614718631,-0.0125165785072953,0.0805836973020325,0.00102474614718631,0.0154446165114114,0.0,-0.024858511288818087
OXCT1,0.0,-0.0291426331520728,0.162598870154749,0.0,0.0,0.0,-0.0263040926430161
OXSR1,0.0,-0.0174069561662233,0.0103457094172309,0.0,0.0,0.0,0.024236004073312566
P4HA2,0.0,0.0344259724967005,0.0,0.0,0.0,0.0,0.048838494362093345
P4HTM,0.0,0.0208158738696785,0.0,0.0,0.0,0.0,-0.007948553482497006
PACSIN3,0.0,-0.00363936440864553,-0.10733778216115,0.0,0.0,0.0,-0.008235477826080893
PAF1,0.0,-0.0247648435689004,0.0,0.0,0.0,0.0,-0.05476885262451002
PAFAH1B1,0.0,-0.000875535531082704,0.0330229429640422,0.0,0.0,0.0,0.027753968572959885
PAFAH1B3,0.0,-0.00558069014911287,0.0,0.0,0.0,0.0,-0.01649676927222502
PAICS,0.0,-0.0103837860448974,-0.0389795286500914,0.0,0.0,0.0,0.06061724327189854
PAK1,0.0,-0.0162208440497527,-0.0442663765631654,0.0,0.0,0.0,-0.0141980482971192
PAK4,-0.00893271071119637,0.0104508294809952,0.00181461190898024,-0.00893271071119637,0.00567788653688898,0.0,-0.01272679670690966
PAK6,0.0,0.0332194461855721,0.0,0.0,0.0,0.0,-0.012479152190419231
PAN2,0.0,-0.0405477417581659,0.0,0.0,0.0,0.0,0.0029739544043949407
PARP1,0.0,0.0177154097874795,0.0,0.0,0.0,0.0,-0.0284055591072445
PARP2,0.0,-0.0168547707692191,0.0,0.0,0.0,0.0,-0.033737621132479835
PAX8,0.0,-0.000219246185742274,0.00196183440191406,0.0,0.0,0.0,0.00418457480165347
PCBD1,0.0,0.0372007370124299,0.0,0.0,0.0,0.0,0.057834107557305094
PCCB,0.0,-0.0399466170759132,0.0426110481443548,0.0,0.0,0.0,-0.011724737838294634
PCK2,0.0,0.0152408022730409,0.0,0.0,0.0,0.0,-0.011802169020221737
PCM1,0.0,0.0207200262114674,3.4514619956739e-05,0.0,0.0,0.0,0.003970604017075307
PCMT1,0.0,-0.0016460002027753,-0.0197454129982705,0.0,0.0,0.0,0.01894539641254598
PCNA,0.0215259305091448,-0.00820675775021721,0.0,0.0215259305091448,0.0407009539835123,0.0,0.006853956738642931
PDGFA,0.0,-0.00827609532966396,0.0,0.0,0.0,0.0,0.020274463209489477
PDHX,0.0,-0.0214898957839674,-0.00763384874003246,0.0,0.0,0.0,-0.04262914233933489
PDIA5,0.0,0.0261399690403453,0.0,0.0,0.0,0.0,0.0014543573672899071
PDLIM1,-0.0913167311593958,0.00793267277232399,-0.0248801916895022,-0.0913167311593958,-0.0219983585742223,0.0,0.011557567691080291
PDS5A,0.0,0.00279103818100327,0.0,0.0,0.0,0.0,0.0005571960231308537
PECR,0.0,-0.00339815770215181,-0.0480688598293162,0.0,0.0,0.0,0.030851753465956578
PEX11A,0.0,-0.0162122985548988,0.0519483457648741,0.0,0.0,0.0,-0.004557907864079297
PFKL,0.0,-0.0472720725158497,0.0,0.0,0.0,0.0,-0.03248530981727166
PGAM1,0.0,-0.00162592517789992,0.0,0.0,0.0,0.0,0.02306340132756928
PGM1,0.0,-0.0255918106511843,0.0253312119120122,0.0,0.0,0.0,0.030825672966339125
PGRMC1,0.0,-0.00645512354921269,0.0,0.0,0.0,0.0,0.0020442803934184886
PHGDH,-0.060527395458833,0.020543962501719,0.0948648596334751,-0.060527395458833,0.00690512330373071,0.0,0.02827913212456793
PHKA1,0.0,-0.0502821945873567,0.0,0.0,0.0,0.0,0.0040127984067852155
PHKB,0.0,0.0111330915132365,0.0,0.0,0.0,0.0,0.015132332190884447
PHKG2,0.0,0.032088752152849,0.0,0.0,0.0,0.0,-0.01632767452069879
PIGB,0.0,0.0224847706111167,0.0,0.0,0.0,0.0,0.02029265462042659
PIH1D1,0.0,-0.0264091939273355,0.0,0.0,0.0,0.0,0.04525671470043675
PIK3C2B,0.0,0.0168065620112142,0.0,0.0,0.0,0.0,-0.035913808829352536
PIK3C3,0.0,-0.0291458060226697,0.0,0.0,0.0,0.0,-0.07613577588568954
PIK3CA,0.0,-0.0475320898548819,0.0,0.0,0.0,0.0,-0.02250795843557806
PIK3R3,0.0,0.0204512041957603,0.0,0.0,0.0,-0.00621061022199971,-0.040757983449999015
PIK3R4,0.0,0.02484692210454,0.0366584871023324,0.0,0.0,0.0,0.00449121219875904
PIN1,0.0,-0.00550637820921935,-0.058640215097458,0.0,0.0,0.0,0.05582794131302039
PIP4K2B,0.0,-0.0757055640831297,0.0,0.0,0.0,0.0,-0.007451342149508374
PKIG,-0.0888528411456516,-0.00780012863154264,0.0,-0.0888528411456516,-0.0325008515560264,0.0,-0.022658482700486714
PLA2G15,0.0,0.0258995508364704,0.0,0.0,0.0,0.0,0.0047379431383622736
PLA2G4A,0.0,0.0248285557932072,-0.0232828761973101,0.0,0.0,0.0,0.009760890337386046
PLCB3,0.0,-0.00611757112779492,0.0,0.0,0.0,0.0,0.012457158377326893
PLEKHJ1,0.0,-0.0252724535684828,0.0,0.0,0.0,0.0,-0.047635851168556786
PLEKHM1,0.0,-0.0466618295026289,-0.0622899041807158,0.0,0.0,0.0,-0.0362928174096269
PLK1,0.106787382879147,0.0355272002774702,0.0,0.106787382879147,0.0994336021789764,0.0,-0.012347468515689478
PLOD3,0.0,-0.0237877804648488,0.0,0.0,0.0,0.0,0.03986159918590216
PLP2,0.0239178464643747,0.0127827682991618,0.0,0.0239178464643747,0.0430981738030912,0.0,0.017585230282837885
PLS1,0.0146278006078289,0.0949167660460762,0.0,0.0146278006078289,-0.038617947920035,0.0,-0.01045777183611337
PLSCR1,0.0,0.0256950666981994,0.0,0.0,0.0,0.0,0.008046928207554949
PLSCR3,0.0,-0.0168222272733006,-0.114532624960027,0.0,0.0,0.0,-0.019744042105904854
PMAIP1,-0.022456570765415,0.0402969576564247,0.0224363203782828,-0.022456570765415,-0.00970210564580802,0.0,-0.0110338650336513
PMM2,0.0,0.0661581532170175,0.0,0.0,0.0,0.0,0.02570734086103451
PNKP,0.0,0.0383756942601604,0.0527710517588889,0.0,0.0,0.0,0.06456050312844065
PNP,0.0,0.0292039287290951,-0.00114412522395866,0.0,0.0,0.0,0.028780092947483817
POLB,0.0,-0.0141930758637161,0.0,0.0,0.0,0.0,-0.009291424051369635
POLD4,0.0,-0.0114425791598322,-0.023637290313135,0.0,0.0,0.0,0.04317798809838922
POLE2,0.0,-0.0718273291397107,0.0,0.0,0.0,0.0,-0.018897917853247136
POLG2,0.0,0.00904086258003828,0.0197476502286177,0.0,0.0,0.0,-0.02698809086699394
POLR1C,0.0,0.0194545609340583,0.00594187799097466,0.0,0.0,0.0,-0.019480673402543634
POLR2I,0.0,-0.017282735371377,0.0,0.0,0.0,0.0,-0.01665701117353138
POLR2K,0.0,-0.0184993756804878,0.0,0.0,0.0,0.0,-0.06150856839546031
POP4,0.0,0.00957025663598938,-0.0793262198755958,0.0,0.0,0.0,-0.036841920094608495
PPARD,0.0,0.0269376715438439,0.0,0.0,0.0,0.0,0.04283329085374448
PPARG,0.0,0.00416909333781715,0.0,0.0,0.0,0.0,-0.00032712658707481347
PPIC,0.0,-0.0101866914814529,0.0,0.0,0.0,0.0,0.04315433641763448
PPIE,0.0,-0.0101987494787646,0.0,0.0,0.0,0.0,-0.024908074897477924
PPOX,0.0,0.00255589774680236,0.0,0.0,0.0,0.0,-0.03040056911996864
PPP1R13B,0.0,0.0133981616448119,0.0,0.0,0.0,0.0,0.00036882379865437815
PPP2R3C,0.0,-0.0498933977142008,0.00192910067222157,0.0,0.0,0.0,-0.02610555104756988
PPP2R5A,0.0,-0.0328059387446164,-0.00870435164299437,0.0,0.0,0.0,0.005759391063267574
PPP2R5E,0.0,-0.0429715624083107,0.0,0.0,0.0,0.0,0.024797064022402473
PRAF2,0.0,-0.0662595535727856,0.0,0.0,0.0,0.0,-0.030185206859818934
PRCP,0.0,-1.83583727828345e-05,0.0582291763125501,0.0,0.0,0.0,0.017539758692270684
PRKACA,0.0,0.0314617323553297,0.0386699655132503,0.0,0.0,0.0,-0.01943563971365133
PRKAG2,0.0,-0.0549863385368653,0.0303676209228813,0.0,0.0,0.0,-0.020974180030895847
PRKCD,0.0,-0.0150652283467444,-0.0100257570961392,0.0,0.0,0.0,0.06036561413294502
PRKCH,0.0,-0.0106982860262113,0.0167284151307753,0.0,0.0,0.0,-0.018483605572064642
PRKCQ,0.0,0.0227820639262428,-0.00576682662490054,0.0,0.0,0.0,-0.014103140265527656
PRKX,0.0,-0.0227821808612275,0.0,0.0,0.0,0.0,0.04860921947579694
PROS1,0.0,0.0765135453499063,0.0,0.0,0.0,0.0,0.019596673391791653
PRPF4,0.0,-0.00710043744094737,0.0,0.0,0.0,0.0,0.03285414631006874
PRR15L,0.0545150821807036,-0.0217526708708984,0.0,0.0545150821807036,-0.0730542514275642,0.0,-0.0007249738238478195
PRR7,0.0,0.0684478482567435,-0.0687520494071618,0.0,0.0,0.0,0.006777011989455465
PRSS23,-0.110219981320371,0.029743310193817,-0.0348125046160153,-0.110219981320371,-0.0236355769150036,0.0,0.02075765385541632
PRUNE1,0.0,0.0184155264689586,0.0,0.0,0.0,0.0,-0.024670718891811053
PSIP1,0.0,0.0181023401540945,0.0,0.0,0.0,0.0,-0.016408008429253797
PSMB10,0.0,0.0185964246927354,0.0,0.0,0.0,0.0,-0.06766069945111737
PSMB8,-0.00815379526122211,0.0782846394947714,0.0,-0.00815379526122211,0.0364124229488999,0.0,-0.033865443711911795
PSMD10,0.0,0.000162115032214872,0.0,0.0,0.0,0.0,-0.03268509780923987
PSMD2,0.0,-0.0175240301341364,0.0,0.0,0.0,0.0,0.01739473414076126
PSMD4,0.0161767755603683,-0.0175511772753977,0.0142803072617111,0.0161767755603683,0.0209086033704186,0.0,0.01775327695839599
PSMD9,0.0,0.0485957851123477,0.0,0.0,0.0,0.0,0.052584534537736274
PSME1,0.0,0.00886800701463129,0.0,0.0,0.0,0.0,-0.0662409434256964
PSME2,0.0,0.0130452641193768,0.0,0.0,0.0,0.0,-0.05760897365896321
PSMF1,0.0,-0.0234973009545213,0.0,0.0,0.0,0.0,0.09037800735359314
PSMG1,0.0,-0.0380879047075393,0.000578984237693279,0.0,0.0,0.0,0.010257434310497771
PSRC1,0.0462688217484248,-0.0214330367840098,0.0,0.0462688217484248,0.115371875939337,0.0,0.007194744416017486
PTGS2,0.0775616140198012,0.106857795876287,0.0,0.0775616140198012,0.00704907974231874,0.0,0.001463124256662748
PTK2,0.0,0.00297959776915895,-0.0144389663275328,0.0,0.0,0.0,0.019934360945708614
PTK2B,0.0,-0.0336228836236355,-0.118965021362052,0.0,0.0,0.0,0.01242122867623595
PTPN1,0.0,-0.017052166418628,0.0,0.0,0.0,0.0,-0.055735715638278616
PTPN12,0.0,-0.0102712372300366,0.0,0.0,0.0,0.0,0.06247831610730848
PTPN6,0.0,-0.0175327054614701,0.0,0.0,0.0,0.0,0.030586446604621297
PTPRC,0.127587669596782,0.0121606527154838,0.0,0.127587669596782,0.0243984843612967,0.0,-0.0158432980900119
PTPRF,0.0,-0.0097524000166546,0.0,0.0,0.0,0.0,0.01636361992540204
PTPRK,0.0,0.0212460927329571,0.0,0.0,0.0,0.0,0.004977700002509161
PUF60,0.0,-0.0222894620001333,0.0,0.0,0.0,0.0,0.01619885513533304
PWP1,0.0,-0.0373584869972517,4.63872684407765e-09,0.0,0.0,0.0,-0.028478131936030656
PXMP2,0.0,0.0825963629530679,0.0,0.0,0.0,0.0,0.011446977111062278
PXN,0.0,0.0127720227979902,0.0,0.0,0.0,0.0,0.016812323915739107
PYCR1,0.0,0.00588502780313931,0.0,0.0,0.0,0.0,0.0009392437646477902
PYGL,0.0,-0.0172788665156406,0.0973742432419313,0.0,0.0,0.0,0.007925285319543007
RAB11FIP2,0.0,-0.0363216475426768,-0.00430872547964549,0.0,0.0,0.0,-0.03755859298746978
RAB21,0.189598717866453,0.00456799677118724,0.0,0.189598717866453,0.0641546751315462,0.0,-0.029863375871989884
RAB27A,0.0,0.0133338908519065,-0.218980742602577,0.0,0.0,0.0,0.0163162629280197
RAB31,0.0,0.00873304941385862,0.0,0.0,0.0,0.0,0.0042106426091733365
RAB4A,-0.00769400967352108,-0.0388770673577367,0.0,-0.00769400967352108,-0.00143728958328635,0.0,-0.02155515537155621
RAC2,0.0,-0.00774954792777034,0.0,0.0,0.0,0.0,0.010798448129589232
RAD51C,0.0,0.0337234883238201,0.0624286510931558,0.0,0.0,0.0,-0.027583335299338783
RAD9A,0.0,-0.00161750935436852,-0.0521265388742743,0.0,0.0,0.0,0.0027991930164482986
RAE1,0.0140855066739207,-0.0364629442874853,0.0,0.0140855066739207,0.0489872319940482,0.0,-0.0020406997415422833
RAI14,0.0,-0.0229838476746834,0.0,0.0,0.0,0.0,0.000992304269757894
RALA,0.0,-0.0166639528048605,0.0,0.0,0.0,0.0,0.00926042871143213
RALB,0.0,-0.0255202720511841,0.0,0.0,0.0,0.0,0.03724210042461311
RALGDS,0.0,0.0194895180608334,0.0,0.0,0.0,0.0,0.046479489378367905
RAP1GAP,0.0,-0.027511113105818,0.0,0.0,0.0,0.0,-0.0003079718607567563
RASA1,0.0,0.0341090356419135,0.0,0.0,0.0,0.0,0.016539423847348432
RB1,0.0,-0.0507337385647157,0.0,0.0,0.0,0.0,-0.004317250361024686
RBKS,0.0,-0.0116987175110514,0.0215693599996355,0.0,0.0,0.0,0.024042378260169375
RBM15B,0.0,-0.0258650046639537,0.0,0.0,0.0,0.0,0.0072970436437182085
RBM34,0.0,0.0231230062732489,-0.0183767239989892,0.0,0.0,0.0,-0.0322322988762468
RBM6,0.0,0.00336557428979182,0.0,0.0,0.0,0.0,-0.07331378978860213
REEP5,0.0,-0.0711069833166651,0.0,0.0,0.0,0.0,0.03498846223694115
RELB,0.0,-0.011529362996268,-0.0264359004035699,0.0,0.0,0.0,0.027380029250942208
RFC2,0.0,-7.24980598022928e-05,-0.128483443240991,0.0,0.0,0.0,-0.01280015502116871
RFC5,0.0,0.000947201147362512,0.0,0.0,0.0,0.0,-0.020531685109324106
RFNG,0.0,0.0263175675171547,0.0,0.0,0.0,0.0,0.043749136449572894
RFX5,0.0,0.102241482094594,0.0,0.0,0.0,0.0,-0.036277693576956406
RGS2,0.0182220249251642,0.0535457417682829,0.0,0.0182220249251642,0.0198286604896407,0.0,-0.01422252630138902
RHEB,0.0,-0.0163617103958656,0.0,0.0,0.0,0.0,-0.0017713657772547304
RHOA,0.0,-0.0220174404061254,-0.0453082170350284,0.0,0.0,0.0,0.023985985285137377
RNF167,0.0,-0.050723783999517,0.0,0.0,0.0,0.0,-0.043577212700670095
RNH1,0.0,-0.0109032130038924,0.0,0.0,0.0,0.0,-0.0007033620529592442
RNMT,0.0,0.0402627094167769,0.0,0.0,0.0,0.0,-0.011117741280247246
RNPS1,0.0,-0.0046948576568404,0.0,0.0,0.0,0.0,0.05577614397103358
RPA1,0.0,-0.00569264813007805,0.0,0.0,0.0,0.0,-0.04831012561207205
RPA2,0.00685657647160587,-0.0320523285313433,0.0,0.00685657647160587,0.0286015649668103,0.0,-0.051573963791623406
RPA3,0.0783919589364296,0.0447376211273234,0.0,0.0783919589364296,0.0991300543404042,0.0,-0.00838884263767574
RPIA,0.0,-0.0192536796289495,0.00707571746836508,0.0,0.0,0.0,0.027073086843053297
RPL39L,0.0,0.0,0.0,0.0,0.0,0.0,-0.0027658910419635636
RPN1,0.0,-0.0118785865759269,0.0,0.0,0.0,0.0,-0.04491664137935004
RPP38,0.0,-0.0132109772738282,0.0,0.0,0.0,0.0,0.017536963166310388
RPS5,0.0,0.0422854128744566,-0.0356649269511027,0.0,0.0,0.00679897144675533,0.1062687596632344
RPS6,-0.0512991955883499,0.0387013080727881,0.0,-0.0512991955883499,-0.0430132050260635,0.0,0.00336321252189912
RPS6KA1,0.0,-0.00653850934817952,-0.0339047803292452,0.0,0.0,0.0,0.01934325660468535
RRAGA,0.0,0.0331930266681549,-0.0453349073141782,0.0,0.0,0.0,-0.03706620711601479
RRP12,-0.00608198601920353,-0.0110368111300908,0.172059487972396,-0.00608198601920353,-0.0235004280197042,0.0,0.0628093768319166
RRP1B,0.0,0.00147268935874213,0.0,0.0,0.0,0.0,-0.06941347433041425
RRP8,0.0,0.0174407217520093,0.0,0.0,0.0,0.0,0.05581526865915344
RRS1,0.0,0.0465505222810999,0.0,0.0,0.0,0.0,0.004331374296690195
RSU1,0.0,-0.0045183017061123,0.0198940678284721,0.0,0.0,0.0,-0.006586904029943044
RTN2,0.0,-0.00160417095561873,0.0759980175334672,0.0,0.0,0.0,-0.0071650111240177386
RUVBL1,0.00427073199462625,-0.00301082276015163,0.0,0.00427073199462625,0.0244107263514366,0.0,-0.009076238529197362
RXYLT1,0.0,0.0,0.0,0.0,0.0,0.0,0.016494038266190104
S100A13,0.0,-0.040393040858346,-0.0980805255245743,0.0,0.0,0.0,0.06914963076233581
S100A4,-0.0346144882623645,0.011632577315502,0.0,-0.0346144882623645,-0.187253566806622,0.0,-0.027333861265383164
SACM1L,0.0,0.0118244496350121,0.0,0.0,0.0,0.0,-0.03477910965925167
SATB1,0.0,-0.0543195804019138,-0.152623061539407,0.0,0.0,0.0,-0.014534937484779794
SCAND1,0.0,0.0126425348423047,0.0,0.0,0.0,0.0,-0.062120091370237655
SCARB1,0.0,-0.0385840878569245,-0.0181687662104948,0.0,0.0,0.0,-0.01665036248766339
SCCPDH,0.0612059592452035,0.0303523575077847,0.0,0.0612059592452035,0.0016613557991545,0.0,-0.012770071689388507
SCP2,0.0,-0.0351485489754709,0.0,0.0,0.0,0.0,0.06104034709386849
SCRN1,0.0,0.0175254821423598,0.0,0.0,0.0,0.0,-0.014031874628789047
SCYL3,0.0,-0.00755648758635754,0.0,0.0,0.0,0.0,-0.06493044172933891
SDHB,-0.0192113729556311,-0.0297314824217663,0.0,-0.0192113729556311,-0.0023632469590184,0.0,0.01897611905651221
SENP6,0.0,0.0313365673175847,0.0,0.0,0.0,0.0,0.00619901520681995
SERPINE1,0.0650191620241851,-0.0806108097219283,0.0,0.0650191620241851,0.125108568886577,0.0,0.013754047692651844
SESN1,0.0,0.00884489285631739,0.00363668530873027,0.0,0.0,0.0,0.0376816719895736
SFN,0.0384688382558143,0.0207185925368101,0.0,0.0384688382558143,-0.00890337265088378,0.0,-0.001155541267977588
SGCB,0.0,-0.0220876732924809,0.110050463097601,0.0,0.0,0.0,0.009294172624164501
SH3BP5,0.0,-0.0365246054847009,0.0,0.0,0.0,0.0,-0.006605419743960922
SHB,0.0,-0.0614329673699627,0.0,0.0,0.0,0.0,0.026277153365288866
SHC1,0.0,0.0319300852057344,0.0,0.0,0.0,0.455515599736722,0.09144763272112254
SIRT3,0.0,-0.0868374929162468,0.0,0.0,0.0,0.0,-0.06316686726815446
SKIV2L,0.0,-0.0338236095324712,0.0,0.0,0.0,0.0,-0.02102438833983929
SKP1,0.0,0.0,0.0,0.0,0.0,0.0,0.036169007125743155
SLC11A2,0.0,0.025720351374156,0.0,0.0,0.0,0.0,-0.06028929090553499
SLC1A4,0.115604961722594,0.0589186536299974,0.0,0.115604961722594,0.0409036037407283,0.0,-0.038518927039662344
SLC25A13,0.0,-0.0199778028471151,0.0,0.0,0.0,0.0,-0.015831427654840743
SLC25A14,0.0,-0.0558247338221668,0.0,0.0,0.0,0.0,-0.031067679986808944
SLC25A4,-0.0566885954303443,-0.0346354035979583,0.0,-0.0566885954303443,-0.0193546011282951,0.0,-0.025052467034584518
SLC25A46,0.0,-0.0212197160288498,0.0,0.0,0.0,0.0,0.0038026780285690294
SLC27A3,0.0,-0.0235727233284938,-0.0259485661606702,0.0,0.0,0.0,0.07051932608888721
SLC2A6,0.0,0.000932540602367965,0.0,0.0,0.0,0.0,-0.015805117159397957
SLC35A1,0.0,0.0567443729458815,0.0,0.0,0.0,0.0,0.002185897434299417
SLC35A3,0.0,0.0112369462483599,-0.0129021135682657,0.0,0.0,0.0,0.006866265914036701
SLC35B1,0.0,-0.0204945408851505,0.0,0.0,0.0,0.0,-0.03539062743747207
SLC35F2,0.0,-0.0721714781073045,0.0,0.0,0.0,0.0,0.019717343032098756
SLC37A4,0.0,0.0210318975879787,-0.0125848779813117,0.0,0.0,0.0,0.04158712708179875
SLC5A6,0.0,-0.0293845185037175,0.0179435826600284,0.0,0.0,0.0,0.022224410411382928
SMAD3,0.0,-0.00438359551387797,0.00127233166169037,0.0,0.0,0.0,0.0018414114452204814
SMARCA4,0.0,-0.0183581063350173,0.0,0.0,0.0,0.0,-0.04273041690809886
SMARCC1,0.0,0.00950590820362582,0.0,0.0,0.0,0.0,0.045814322163842604
SMARCD2,0.0,0.00320661399461239,0.10311874035761,0.0,0.0,0.0,-0.018269678504603766
SMC1A,0.0,0.0176375069989603,0.0,0.0,0.0,0.0,-0.04675530677692064
SMC3,0.0,-0.0186726991613062,0.0,0.0,0.0,0.0,-0.018676053201599267
SMC4,0.0421759153116872,-0.00109309514545517,0.0,0.0421759153116872,0.0823448061164343,0.0,-0.025726577027636
SMNDC1,0.0,0.0182298670708907,-0.106306173397341,0.0,0.0,0.0,-0.0026302842081430988
SNAP25,0.0,0.0879869253410485,-0.00260583639902472,0.0,0.0,0.0,-0.007155904666983685
SNCA,-0.119144245712973,-0.105716404397699,0.0,-0.119144245712973,-0.087538888534034,0.0,0.011435935588187998
SNX11,0.0,0.00971570662401009,0.0,0.0,0.0,0.0,-0.008518007338777498
SNX13,0.0,0.0262887704236909,0.0,0.0,0.0,0.0,0.033667028621233934
SNX6,0.0,-0.00775682885386534,0.0,0.0,0.0,0.0,0.008986894433866776
SNX7,0.0,0.0496349872255633,0.0,0.0,0.0,0.0,0.011208603834163472
SOCS2,-0.07950035078983,-0.0263178226233802,0.06030368655625,-0.07950035078983,-0.0443989421171561,0.0,0.012426698864590198
SORBS3,-0.0114587004532972,-0.00389369967252492,0.0,-0.0114587004532972,0.024560680696232,0.0,0.0010038362521413856
SOX2,0.0,-0.00747857961170688,0.0,0.0,0.0,0.0,0.003066839093078204
SOX4,0.00598066490073778,0.0400494363271552,0.0,0.00598066490073778,0.0105383559922632,0.0,0.004762910059711034
SPAG4,0.0,-0.116900699356649,0.0,0.0,0.0,0.0,-0.016903682486475134
SPAG7,0.0,-0.00265094970410861,0.0,0.0,0.0,0.0,0.029291367454265377
SPDEF,0.0537673366389076,0.034561006217078,-0.000641714410647418,0.0537673366389076,0.0723061601341465,0.0,-1.243484122592237e-05
SPEN,0.0,-0.0283784708293714,0.0,0.0,0.0,0.0,-0.010527921908803634
SPP1,0.108142516924989,0.0339239591459508,-0.0717130697977696,0.108142516924989,0.131600842779661,0.0,0.007687829140415953
SPR,0.0,0.0261074063553536,0.0,0.0,0.0,0.0,0.04479155261599791
SPRED2,0.0,-0.0221260623236556,0.0,0.0,0.0,0.0,0.018703391211810194
SPTAN1,-0.0119754028269871,0.0272749894143272,0.0300708508873029,-0.0119754028269871,-0.0655133942172963,0.0,-0.006167523038849546
SPTLC2,0.0,0.0237697856667162,0.0,0.0,0.0,0.0,-0.03855225673958586
SQOR,0.0,-0.0232017863411492,0.0,0.0,0.0,0.0,0.01682485498380723
SQSTM1,0.0,0.0187993296701552,0.0,0.0,0.0,0.0,0.06756089260193232
SRC,0.0,0.0134166747168779,0.0,0.0,0.0,0.0,-0.017388509338325725
SSBP2,0.0,0.0083010153298631,0.0,0.0,0.0,0.0,0.004995189554061143
ST3GAL5,0.0,-0.0378644573845275,0.0,0.0,0.0,0.0,-0.03762027365429583
ST6GALNAC2,0.0,-0.0279106976433082,0.0,0.0,0.0,0.0,0.006374376542673023
ST7,0.0,-0.0335442996533271,0.0,0.0,0.0,0.0,0.06425436174535265
STAMBP,0.0,0.00239389715436673,0.0,0.0,0.0,0.0,-0.008629372103385628
STAP2,0.0,0.0172639439172833,-0.175147234371746,0.0,0.0,0.0,-0.0024947133737189767
STAT1,0.0,0.0304260621969978,0.0,0.0,0.0,0.0,-0.0910210250622193
STAT3,0.0,0.0246203835186633,-0.0387268880523981,0.0,0.0,0.0,0.05245658169583657
STAT5B,-0.046937058337226,-0.0105233134899558,0.0,-0.046937058337226,-0.0249481483806548,0.0,-0.0003864143409039949
STIMATE,0.0,0.0,0.0,0.0,0.0,0.0,0.010746552429050009
STK10,0.0,-0.0392898712946126,0.00881876803812809,0.0,0.0,0.0,0.0071598251014262275
STK25,0.0,-0.00731236425307639,-0.0814266078601878,0.0,0.0,0.0,0.021769928613337496
STMN1,0.0156723643268445,-0.0649527072291648,0.0,0.0156723643268445,0.11856238207167,0.0,-0.03507183121740299
STUB1,0.0,-0.0425618065747385,0.0,0.0,0.0,0.0,-0.00039241928683895344
STX1A,0.0,0.0599325404170667,0.0,0.0,0.0,0.0,0.01451938267377745
STX4,0.0,0.0133897920744626,0.0,0.0,0.0,0.0,-0.002857499570580174
STXBP1,0.0,-0.0520616352548604,0.0,0.0,0.0,0.0,-0.009113750098279045
STXBP2,0.0,-0.0290455017203925,0.0,0.0,0.0,0.0,-0.012029466967213414
SUPV3L1,0.0,-0.0332220257013717,0.0,0.0,0.0,0.0,0.0002814054564541974
SUV39H1,0.0,-0.0399362590446597,0.0,0.0,0.0,0.0,-0.02022441075926722
SUZ12,0.0,-0.0459046839026391,0.0999104288232054,0.0,0.0,0.0,-0.04608283626385528
SYK,0.0,0.0593277986774313,0.0,0.0,0.0,0.0,-0.002045063926786017
SYNE2,0.0,-0.00299949602597475,0.0,0.0,0.0,0.0,-0.021352160711298224
SYNGR3,0.0,-0.0018865501993096,-0.0403851452168833,0.0,0.0,0.0,-0.005348371744680201
SYPL1,0.0,0.0,0.0,0.0,0.0,0.0,0.049275377762081414
TARBP1,0.0,0.00832209051035726,0.0,0.0,0.0,0.0,-0.026784746960247886
TATDN2,0.0,-0.0377646901672902,0.0,0.0,0.0,0.0,0.025498937881023434
TBC1D31,0.0,-0.0575845289926405,0.0,0.0,0.0,0.0,-0.056767093743692515
TBC1D9B,0.0,0.00656961546277419,0.161115248736931,0.0,0.0,0.0,0.052052400683018446
TBP,0.0,0.00849240043105725,0.0,0.0,0.0,0.0,-0.004328968139643113
TBPL1,0.0,0.0338478812829073,0.0,0.0,0.0,0.0,-0.022461611363593297
TBX2,0.0,-0.0626730942462562,0.0,0.0,0.0,0.0,-0.012275782595328593
TBXA2R,0.0,0.00212117403225561,0.0,0.0,0.0,0.0,0.007236991550917602
TCEA2,0.0,0.000472931218150662,0.010537794738192,0.0,0.0,0.0,-0.0297326869912189
TCEAL4,0.0,0.0,0.0,0.0,0.0,0.0,-0.05985794726823819
TCERG1,0.0,-0.0329903034068937,0.0,0.0,0.0,0.0,0.1100503533524596
TCFL5,0.0,0.0811172981903454,1.9878038694823e-07,0.0,0.0,0.0,-0.02895921036481717
TCTA,0.0,0.0431317431914696,-0.0068936952036567,0.0,0.0,0.0,-0.038566251032213394
TCTN1,0.0,0.000316586896493957,0.0,0.0,0.0,0.0,0.002229036011561876
TENT4A,0.0,0.0,0.0,0.0,0.0,0.0,-0.014360264938124366
TERF2IP,0.0,0.0393707414049923,0.0,0.0,0.0,0.0,-0.009332542652182545
TERT,0.0,0.0126377792940628,-0.0170938288839902,0.0,0.0,0.0,0.009293497993708062
TES,0.0,-0.0067958837055224,-0.0286948413903093,0.0,0.0,0.0,0.09060204227226389
TESK1,0.0,-0.0526940892230096,0.0,0.0,0.0,0.0,-0.05411169707271168
TEX10,0.0,0.0483135425399174,0.0,0.0,0.0,0.0,0.04899665432645459
TFAP2A,0.0,0.0418716106243999,0.0288645777382535,0.0,0.0,0.0,-0.009704407071174141
TFDP1,0.00887536722852513,0.0133271442519889,0.0,0.00887536722852513,-0.0187771002950736,0.0,0.007244819350161567
TGFB3,0.0,0.057240647581111,0.0,0.0,0.0,0.0,0.01900827578066205
TGFBR2,-0.0467480009848015,0.0689877358971172,0.104921183437038,-0.0467480009848015,-0.0416793418630259,0.0,0.0530738359890573
THAP11,0.0,-0.00150332488637437,0.0146648930596974,0.0,0.0,0.0,-0.03122076259857955
TIAM1,0.0,0.000861704121706089,0.0,0.0,0.0,0.0,-0.01986843178175364
TICAM1,0.0,-0.0277916458504195,-0.0227587834291688,0.0,0.0,0.0,0.03271023535673334
TIMELESS,0.0,0.030418782126458,-0.0263018869117614,0.0,0.0,0.0,-0.04529114738627267
TIMM17B,0.0,0.0145519606141979,0.0,0.0,0.0,0.0,-0.020846556362335688
TIMM22,0.0,0.0137390239594245,0.0,0.0,0.0,0.0,-0.010814779807197774
TIMM9,0.0,-0.0324539076939461,0.0,0.0,0.0,0.0,0.006165546934650349
TIMP2,0.0335711204319171,-0.0481453716610316,0.0,0.0335711204319171,-0.0617420585007618,0.0,-0.0006294590036092049
TIPARP,0.0,-0.00282881401501256,-0.0316910308938434,0.0,0.0,0.0,-0.00941181490575858
TJP1,0.0,0.0247858139526554,0.0,0.0,0.0,0.0,0.02829142083454053
TLE1,0.0,0.00668905196738604,0.0136439791991219,0.0,0.0,0.0,0.017389379675892828
TLK2,0.0,0.0530216334432601,0.0,0.0,0.0,0.0,-0.047859589235717086
TLR4,0.0,0.0114401827247656,0.0,0.0,0.0,0.0,-0.0032293477063275893
TM9SF2,0.0262639113009102,-0.000912376672695391,0.0,0.0262639113009102,-0.0394509089842214,0.0,-0.02537956704209129
TM9SF3,0.0,0.0114505414820718,0.0,0.0,0.0,0.0,-0.043166001494516056
TMCO1,0.0,-0.017637957372721,-0.0514936295628316,0.0,0.0,0.0,-0.012965453294247909
TMED10,0.0,-0.0375816702740396,0.0,0.0,0.0,0.0,0.0188783792857271
TMEM109,0.0,0.00187293409349263,0.0684517163979598,0.0,0.0,0.0,-0.031793550581429894
TMEM50A,0.0,-0.00205129856294388,0.0,0.0,0.0,0.0,-0.012839135507367223
TMEM97,-0.0772146037963058,0.0287331872918231,0.0,-0.0772146037963058,0.0390334825409775,-0.0462987112075337,-0.02618732837555997
TNFRSF21,0.0,0.00975448541624792,0.0,0.0,0.0,0.0,-0.020383565132141773
TNIP1,0.0,0.0388951545502866,-0.00961124885410551,0.0,0.0,0.0,0.08077748238098897
TOMM34,0.0,-0.0187971922977124,0.0192941086900664,0.0,0.0,0.0,0.005532302742393133
TOMM70,0.0,-0.000813309232616574,0.0,0.0,0.0,0.0,0.019778556541302096
TOP2A,0.16978428026649,0.0391935206609728,0.0524101940889344,0.16978428026649,0.158151228181513,0.0,-0.006722972459425803
TOPBP1,0.0,0.000644071605295045,0.0,0.0,0.0,0.0,-0.024738759366686767
TOR1A,0.0,0.0165037319835723,0.0,0.0,0.0,0.0,0.004244736713182305
TP53,0.0,0.0265804615537962,0.0,0.0,0.0,0.0,0.005709445875962343
TP53BP1,0.0,0.0262705532245977,0.0,0.0,0.0,0.0,0.07752199937330576
TP53BP2,0.0,0.0133981616448119,-0.0257260710212992,0.0,0.0,0.0,-0.01638161250223393
TPD52L2,0.0,0.00947956507048801,0.0,0.0,0.0,0.0,-0.025801396231377206
TPM1,0.0145120554347144,0.0164939021907913,1.54066797363527e-05,0.0145120554347144,0.0137466631823896,0.0,0.012024818970617137
TRAK2,0.0,0.0566701577779694,0.0,0.0,0.0,0.0,-0.04676562412242211
TRAM2,0.0,0.0393812147365934,0.0,0.0,0.0,0.0,-0.010092416156164219
TRAP1,0.0,-0.011255037396718,-0.0188395509175194,0.0,0.0,0.0,0.018831616581454196
TRAPPC3,-0.0144214865037139,-0.00427464057041001,-0.00105617138174101,-0.0144214865037139,0.00839837650942836,0.0,-0.02394601227737926
TRAPPC6A,0.0,-0.0237990136470985,0.0,0.0,0.0,0.0,-0.02250073594055306
TRIB1,-0.010577040424725,0.0181425871821952,0.0,-0.010577040424725,-0.0482140733861758,0.0,0.01766872124796424
TRIB3,0.0409650434316321,-0.0265841891306824,0.0345309399341341,0.0409650434316321,0.0245831551170374,0.0,0.003726796673143471
TRIM13,0.0,-0.0305757973803678,0.0,0.0,0.0,0.0,0.0071656621972585755
TRIM2,-0.0350365993776621,0.0332405766115901,-0.00671557425798206,-0.0350365993776621,-0.0886063740191624,0.0,0.004751237923498917
TSC22D3,0.0166267346079402,0.0351583623824121,0.0,0.0166267346079402,0.0093296267062526,0.0,0.000895635741133357
TSEN2,0.0,-0.0531174848105522,0.0,0.0,0.0,0.0,0.015186843879004796
TSKU,0.0,-0.0302626084044786,0.0,0.0,0.0,0.0,0.002206127275221059
TSPAN3,0.0,0.0471822799269347,0.0,0.0,0.0,0.0,0.03064105254750742
TSPAN4,0.0600124556269054,0.0313015720260736,0.0,0.0600124556269054,0.0663557555244032,0.0,0.0040607772460824615
TSPAN6,-0.0089554781083066,0.0318979998688896,0.0446883772395381,-0.0089554781083066,-0.0425988103150226,0.0,-0.005922882482337529
TSTA3,0.079112268450482,-0.000322703580261888,-0.0542083625927209,0.079112268450482,0.0585375095347122,0.0,0.0
TUBB6,0.0695705614421409,0.0146231122113666,0.0,0.0695705614421409,-0.0634729769002816,0.0,0.03192136322141433
TWF2,0.0,-0.0420233096852048,0.0,0.0,0.0,0.0,-0.004384864905921759
TXLNA,0.0,0.0233047328860187,0.0,0.0,0.0,0.0,-0.08550094101825262
TXNDC9,0.0,-0.00635631413036027,0.0,0.0,0.0,0.0,0.030553728510546524
TXNL4B,0.0,-0.0192026617156352,0.0140078594483566,0.0,0.0,0.0,0.03600832866319921
TXNRD1,0.0,0.0118934398668169,-0.0175315047728081,0.0,0.0,0.0,-0.002342324696940563
UBE2A,0.0,-0.0146166291309758,0.0,0.0,0.0,0.0,-0.009464940343881689
UBE2C,0.197034919111309,-0.00713756511340627,0.0,0.197034919111309,0.220001519254335,0.0,0.0027393062491330275
UBE2J1,0.0,0.00846700520855659,0.0,0.0,0.0,0.0,-0.04932014073080362
UBE2L6,0.0,-0.0480770654912902,0.0,0.0,0.0,0.0,-0.03198351399504324
UBE3B,0.0,-0.072366732364207,0.0,0.0,0.0,0.0,-0.00963538211435725
UBE3C,0.0,0.024987216559179,0.0210235714991094,0.0,0.0,0.0,0.1168256770311761
UBQLN2,0.0,-0.00342322228565199,0.0,0.0,0.0,0.0,-0.03564702428553382
UBR7,0.0,0.03454842778356,-0.0618139772694085,0.0,0.0,0.0,-0.04189968130379761
UFM1,0.0,0.0140288259850307,0.0441646981172062,0.0,0.0,0.0,0.05605246944806757
UGDH,0.0,-0.0411673719380606,0.0,0.0,0.0,0.0,-0.0158898231709331
USP1,0.0,0.0201868677140886,-0.0969147527777795,0.0,0.0,0.0,0.021402684307804707
USP14,0.0,0.0258742669464004,0.0,0.0,0.0,0.0,-0.006683946960975665
USP22,0.0,-0.0058749371592749,-0.0565921383962407,0.0,0.0,0.0,0.01400598090037231
USP6NL,0.0,-0.0274697770555424,0.0255829588108639,0.0,0.0,0.0,-0.02641949634596062
USP7,0.0,-0.0111115179458886,0.0,0.0,0.0,0.0,-0.03756548077820955
UTP14A,0.0,0.0142012453188184,0.0,0.0,0.0,0.0,0.034735788824957356
VAPB,0.0,-0.0140231957129296,0.000721896507058275,0.0,0.0,0.0,-0.015470971958995052
VAT1,0.0,-0.0195900512470616,0.0,0.0,0.0,0.0,0.03580195440694313
VAV3,0.0,0.0355827065189343,0.0,0.0,0.0,0.0,-0.014496193467928596
VDAC1,0.0,0.0141878606431806,0.0761538665285808,0.0,0.0,0.0,0.03682670444705404
VGLL4,0.0,-0.0253759776433372,0.0,0.0,0.0,0.0,-0.017422064693763104
VPS28,0.0,-0.00697118977088123,0.0,0.0,0.0,0.0,0.03951094297255183
VPS72,-0.0170986190378359,-0.0383182305482078,0.0,-0.0170986190378359,-0.00767450161180643,0.0,-0.005935335623208428
WASF3,0.0,-0.0139632022195647,0.0,0.0,0.0,0.0,-0.011855604382963908
WASHC4,0.0,0.0187387486690469,0.0,0.0,0.0,0.0,0.015288510592472267
WASHC5,0.0,0.0478962012850727,0.0,0.0,0.0,0.0,0.048376906006887474
WDR61,0.0,0.0193627741735303,6.49701618859192e-05,0.0,0.0,0.0,-0.027796427662949538
WDR7,0.0,-0.0326948566197856,0.0,0.0,0.0,0.0,-0.0835990596014155
WDTC1,0.0,-0.0234986955530881,0.0,0.0,0.0,0.0,0.03021266664823523
WFS1,0.0,0.036609497392835,0.0,0.0,0.0,0.0,-0.042889931683074096
WIPF2,0.0,0.000666444985408268,0.0,0.0,0.0,0.0,0.04554574979795998
WRB,0.0,0.0335716145747107,0.0232353921177267,0.0,0.0,0.0,0.0
XBP1,0.0,-0.00922199957932008,0.102782498357078,0.0,0.0,0.0,-0.029812496573668183
XPNPEP1,0.0,-0.0427107404834426,0.0,0.0,0.0,0.0,0.04607754648453205
XPO7,0.0,-0.0174089914994936,0.0,0.0,0.0,0.0,-0.007043927125219361
YKT6,0.0,-0.00753980186210853,0.0,0.0,0.0,0.0,-0.03360567261432734
YME1L1,0.0,-0.0124785411477454,0.00967082408808943,0.0,0.0,0.0,-0.005341381932026866
YTHDF1,0.0,-0.00393308728544448,0.0,0.0,0.0,0.0,-0.014547705936016102
ZDHHC6,0.0,-0.0429427583820179,0.0,0.0,0.0,0.0,0.05630034448282198
ZFP36,-0.0304323601182844,0.0186657405012057,0.0,-0.0304323601182844,-0.0251097158920529,0.0,0.004131193456249839
ZMIZ1,0.0,-0.0201937083504628,0.0,0.0,0.0,0.0,-0.014085643698929973
ZMYM2,0.0,0.000755343297892248,0.0,0.0,0.0,0.0,0.06890194892984633
ZNF131,0.0,0.0273167420977658,0.0,0.0,0.0,0.0,-0.06207153383216876
ZNF274,0.0,0.0,-0.0280546694761062,0.0,0.0,0.0,0.013805994310963812
ZNF318,0.0,-0.0305209121503624,0.0,0.0,0.0,0.0,-0.04272811893593098
ZNF395,0.0,0.0,0.0,0.0,0.0,0.0,0.010047536486374612
ZNF451,0.0,0.0134013277860175,0.0,0.0,0.0,0.0,-0.009844018690675102
ZNF586,0.0,0.0,0.00634125823823308,0.0,0.0,0.0,0.0398160314893713
ZNF589,0.0,0.0,0.0,0.0,0.0,0.0,0.018820741023609748
ZW10,0.0,0.00972132558770933,0.0,0.0,0.0,0.0,-0.05541259563570576
